fon_kodu;kategoriler
AAL;Para Piyasası
AAS;K.D.
AAV;Hisse Senedi Yoğun, Yerli Hisse
ABJ;Hisse Senedi Yoğun, Serbest Hisse, Serbest Özel Fonlar, Yerli Hisse, Özel Fon
ABU;Özel Fon
AC1;Kısa Vadeli, Serbest Katılım Fonları
AC3;Döviz Fon
AC4;Para Piyasası
AC5;Hisse Senedi Yoğun, Serbest İstatistiksel Arbitraj Fonları
AC6;Döviz Fon
AC7;Hisse Senedi Yoğun, Serbest Hisse, Yerli Hisse
AC8;Hisse Senedi Yoğun, Serbest Hisse, Yerli Hisse
ACC;Hisse Senedi Yoğun, Yerli Hisse
ACD;K.D.
ACN;Döviz Fon
ACU;Döviz Fon
AD4;Borçlanma Araçları - Özel Sektör
ADE;Mutlak Getiri Hedefli
ADP;Bankacılık, Endeks Temalı Fonlar, Hisse Senedi Yoğun, Tematik Hisse, Yerli Hisse
AED;K.D.
AES;Yabancı BYF Sepetleri, Yabancı Fonlar
AEV;Hisse Senedi Yoğun, Yerli Hisse
AFA;Yabancı Fonlar, Yabancı Hisse
AFO;Altın Fonları, Emtia Fonları
AFS;Sağlık - İlaç, Tematik Hisse, Yabancı Fonlar, Yabancı Hisse
AFT;Teknoloji, Tematik Hisse, Yabancı Fonlar, Yabancı Hisse
AFV;Yabancı Fonlar, Yabancı Hisse
AGC;K.D.
AHI;Hisse Senedi Yoğun, Yerli Hisse
AHN;Döviz Fon
AHU;Borçlanma Araçları - Özel Sektör
AHV;K.D.
AI1;Serbest İstatistiksel Arbitraj Fonları
AIH;Hisse Senedi Yoğun, Serbest Hisse, Serbest Özel Fonlar, Yerli Hisse, Özel Fon
AII;Döviz Fon, Serbest Özel Fonlar, Özel Fon
AIM;Hisse Senedi Yoğun, Serbest Hisse, Serbest Özel Fonlar, Yerli Hisse, Özel Fon
AIR;Döviz Fon, Serbest Özel Fonlar, Özel Fon
AIS;Para Piyasası
AJ1;Hisse Senedi Yoğun, Serbest İstatistiksel Arbitraj Fonları
AJE;Döviz Fon
AJK;Döviz Fon
AJL;Döviz Fon
AJN;Döviz Fon
AK2;Uzun Vadeli Borçlanma Araçları
AK3;Hisse Senedi Yoğun, Yerli Hisse
AKE;Döviz Fon, Eurobond Borçlanma Araçları
AKU;Endeks Temalı Fonlar, Hisse Senedi Yoğun, Tematik Hisse, Yerli Hisse
AL4;Kısa Vadeli, Serbest Katılım Fonları
AL5;Döviz Fon, Serbest Katılım Döviz Fonlar, Serbest Katılım Fonları
AL6;Kısa Vadeli, Serbest Katılım Fonları
AL7;Kısa Vadeli, Serbest Katılım Fonları
ALC;Hisse Senedi Yoğun, Kar Payı Ödeyen Fonlar, Yerli Hisse
ALE;Para Piyasası
AN1;K.D.
ANL;Para Piyasası
ANZ;Döviz Fon
AOJ;Hisse Senedi Yoğun, Serbest Hisse, Tematik Hisse, Yerli Hisse
AOY;Yabancı Fonlar, Yabancı Hisse
AP4;Hisse Senedi Yoğun, Serbest Hisse, Yerli Hisse
AP5;Hisse Senedi Yoğun, Serbest Hisse, Yerli Hisse
AP6;Hisse Senedi Yoğun, Serbest Hisse, Yerli Hisse
AP7;Serbest İstatistiksel Arbitraj Fonları
APJ;Endeks Temalı Fonlar, Tematik
APP;Serbest Özel Fonlar, Özel Fon
APT;K.D.
ARE;Yabancı Fonlar, Yabancı Hisse
ARF;Serbest Özel Fonlar, Özel Fon
ARL;K.D.
ARM;K.D.
ARP;Serbest Özel Fonlar, Özel Fon
AS1;Döviz Fon
ASJ;Hisse Senedi Yoğun, Yerli Hisse
ATJ;K.D.
AU1;Altın Fonları, Emtia Fonları
AU3;Borçlanma Araçları - Özel Sektör
AUV;Döviz Fon
AVT;Kısa Vadeli, Kısa Vadeli Borçlanma Araçları
AVZ;Döviz Fon, Serbest Özel Fonlar, Özel Fon
AYA;Hisse Senedi Yoğun, Kar Payı Ödeyen Fonlar, Yerli Hisse
AYR;Borçlanma Araçları - Özel Sektör
AZF;Borçlanma Araçları - Özel Sektör, Özel Fon
AZV;Döviz Fon, Serbest Özel Fonlar, Özel Fon
AZZ;Döviz Fon, Mutlak Getiri Hedefli, Serbest Özel Fonlar, Özel Fon
BAC;Hisse Senedi Yoğun, Serbest Hisse, Yerli Hisse
BAG;K.D.
BAI;K.D.
BAL;Döviz Fon, Serbest Özel Fonlar, Özel Fon
BAO;Serbest Özel Fonlar, Özel Fon
BAS;Döviz Fon, Serbest Özel Fonlar, Özel Fon
BBF;K.D.
BBN;Hisse Senedi Yoğun, Serbest Hisse, Yerli Hisse
BBO;Hisse Senedi Yoğun, Serbest Hisse, Yerli Hisse
BBP;K.D.
BBS;K.D.
BCC;Döviz Fon, Serbest Özel Fonlar, Özel Fon
BCK;Blockchain, Teknoloji, Tematik
BCO;K.D.
BDA;Döviz Fon, Serbest Katılım Döviz Fonlar, Serbest Katılım Fonları
BDC;K.D.
BDI;Endeks Temalı Fonlar, Hisse Senedi Yoğun, Serbest Hisse, Tematik Hisse, Yerli Hisse
BDO;Hisse Senedi Yoğun, Serbest Hisse, Yerli Hisse
BDS;Endeks Temalı Fonlar, Hisse Senedi Yoğun, Tematik Hisse, Yerli Hisse
BDY;Endeks Temalı Fonlar, Hisse Senedi Yoğun, Tematik Hisse, Yerli Hisse
BFE;K.D.
BFO;Döviz Fon, Serbest Özel Fonlar, Özel Fon
BFS;Emtia Fonları
BFT;Bankacılık, Hisse Senedi Yoğun, Tematik Hisse, Yerli Hisse
BGH;Hisse Senedi Yoğun, Serbest Hisse, Serbest Özel Fonlar, Yerli Hisse, Özel Fon
BGP;Para Piyasası
BHA;Hisse Senedi Yoğun, Yerli Hisse
BHE;Hisse Senedi Yoğun, Serbest Hisse, Yerli Hisse
BHF;K.D.
BHH;Hisse Senedi Yoğun, Serbest Hisse, Yerli Hisse
BHI;Hisse Senedi Yoğun, Mutlak Getiri Hedefli
BHL;Hisse Senedi Yoğun, Serbest Hisse, Yerli Hisse
BHN;Hisse Senedi Yoğun, Serbest Hisse, Yerli Hisse
BHO;Hisse Senedi Yoğun, Serbest Hisse, Serbest Özel Fonlar, Yerli Hisse, Özel Fon
BI5;Endeks Temalı Fonlar, Hisse Senedi Yoğun, Serbest Hisse, Tematik Hisse, Yerli Hisse
BIA;Hisse Senedi Yoğun, Serbest İstatistiksel Arbitraj Fonları
BID;Endeks Temalı Fonlar, Hisse Senedi Yoğun, Tematik Hisse, Yerli Hisse
BIG;Hisse Senedi Yoğun, Yerli Hisse
BIH;Hisse Senedi Yoğun, Yerli Hisse
BIK;Hisse Senedi Yoğun, Serbest Hisse, Yerli Hisse
BIO;Hisse Senedi Yoğun, Sürdürülebilirlik, Tematik Hisse, Yerli Hisse
BIP;Para Piyasası, Serbest Para Piyasası Fonları
BIS;K.D.
BIY;Endeks Temalı Fonlar, Hisse Senedi Yoğun, Tematik Hisse, Yerli Hisse
BJD;Döviz Fon
BKO;Serbest Katılım Fonları, Serbest Özel Fonlar, Özel Fon
BKY;Döviz Fon, Serbest Katılım Döviz Fonlar, Serbest Katılım Fonları
BLA;Hisse Senedi Yoğun, Serbest Hisse, Yerli Hisse
BLD;K.D.
BLT;Altın Fonları, Emtia Fonları
BMU;Hisse Senedi Yoğun, Mutlak Getiri Hedefli
BNC;K.D.
BNH;Bankacılık, Hisse Senedi Yoğun, Serbest Hisse, Tematik Hisse, Yerli Hisse
BOH;Endeks Temalı Fonlar, Hisse Senedi Yoğun, Serbest Hisse, Tematik Hisse, Yerli Hisse
BOL;K.D.
BON;K.D.
BOP;Döviz Fon, Serbest Özel Fonlar, Özel Fon
BOS;Hisse Senedi Yoğun, Serbest Hisse, Yerli Hisse
BP5;Hisse Senedi Yoğun, Serbest Hisse, Yerli Hisse
BPD;Döviz Fon
BPZ;Para Piyasası
BRC;Hisse Senedi Yoğun, Serbest İstatistiksel Arbitraj Fonları
BRF;K.D.
BRG;Para Piyasası
BRH;Hisse Senedi Yoğun, Serbest Hisse, Yerli Hisse
BRR;Kısa Vadeli, Kısa Vadeli Borçlanma Araçları
BRT;Hisse Senedi Yoğun, Serbest Hisse, Yerli Hisse
BRZ;Döviz Fon, Serbest Özel Fonlar, Özel Fon
BS1;K.D.
BSA;Serbest Özel Fonlar, Özel Fon
BSD;Döviz Fon
BSE;Endeks Temalı Fonlar, Hisse Senedi Yoğun, Serbest Hisse, Tematik Hisse, Yerli Hisse
BSF;Serbest Özel Fonlar, Özel Fon
BSH;Bankacılık, Hisse Senedi Yoğun, Serbest Hisse, Tematik Hisse, Yerli Hisse
BSM;K.D.
BSN;Hisse Senedi Yoğun, Serbest Hisse, Yerli Hisse
BST;Hisse Senedi Yoğun, Serbest Hisse, Yerli Hisse
BTE;Teknoloji, Tematik
BTJ;Hisse Senedi Yoğun, Serbest İstatistiksel Arbitraj Fonları
BTK;Teknoloji, Tematik
BTP;Para Piyasası, Serbest Para Piyasası Fonları
BTY;Döviz Fon, Serbest Özel Fonlar, Özel Fon
BTZ;Endeks Temalı Fonlar, Hisse Senedi Yoğun, Tematik Hisse, Yerli Hisse
BUB;K.D.
BUC;Hisse Senedi Yoğun, Serbest Hisse, Yerli Hisse
BUP;Serbest Özel Fonlar, Özel Fon
BUT;Hisse Senedi Yoğun, Serbest Hisse, Serbest Özel Fonlar, Yerli Hisse, Özel Fon
BUV;K.D.
BUY;Hisse Senedi Yoğun, Yerli Hisse
BV1;Hisse Senedi Yoğun, Yerli Hisse
BVB;Serbest Özel Fonlar, Özel Fon
BVC;Serbest Özel Fonlar, Özel Fon
BVD;K.D.
BVF;Para Piyasası
BVH;Hisse Senedi Yoğun, Serbest Hisse, Yerli Hisse
BVI;Hisse Senedi Yoğun, Serbest Hisse, Yerli Hisse
BVK;Serbest Katılım Fonları
BVM;Hisse Senedi Yoğun, Serbest Hisse, Yerli Hisse
BVT;Serbest Özel Fonlar, Özel Fon
BVV;Teknoloji, Tematik
BVZ;Serbest İstatistiksel Arbitraj Fonları
BYZ;Endeks Temalı Fonlar, Hisse Senedi Yoğun, Serbest Hisse, Tematik Hisse, Yerli Hisse
CAH;Hisse Senedi Yoğun, Serbest Hisse, Yerli Hisse
CBD;Endeks Temalı Fonlar, Hisse Senedi Yoğun, Serbest Hisse, Tematik Hisse, Yerli Hisse
CBN;Döviz Fon, Serbest Özel Fonlar, Özel Fon
CBO;Hisse Senedi Yoğun, Serbest Hisse, Serbest Özel Fonlar, Yerli Hisse, Özel Fon
CEY;Döviz Fon, Serbest Özel Fonlar
CFO;Para Piyasası
CGD;Döviz Fon, Serbest Özel Fonlar, Özel Fon
CHY;Hisse Senedi Yoğun, Serbest Hisse, Yerli Hisse
CIN;K.D.
CJD;Döviz Fon
CJF;Döviz Fon, Serbest Özel Fonlar, Özel Fon
CJG;Döviz Fon, Serbest Özel Fonlar, Özel Fon
CJH;Döviz Fon
CKF;K.D.
CKL;K.D.
CKS;Döviz Fon, Serbest Katılım Döviz Fonlar, Serbest Katılım Fonları
COT;Döviz Fon
CPT;Teknoloji, Tematik
CPU;Teknoloji, Tematik
CRL;Döviz Fon, Serbest Özel Fonlar, Özel Fon
CSD;Döviz Fon, Serbest Özel Fonlar, Özel Fon
CSH;Hisse Senedi Yoğun, Serbest Hisse, Yerli Hisse
CTF;Döviz Fon, Serbest Özel Fonlar, Özel Fon
CTG;Serbest Özel Fonlar, Özel Fon
CTM;Serbest Özel Fonlar, Özel Fon
CTP;Döviz Fon, Serbest Özel Fonlar, Özel Fon
CTV;Döviz Fon, Serbest Özel Fonlar, Özel Fon
CVA;Borçlanma Araçları - Kamu, Özel Fon
CVB;Serbest Özel Fonlar, Özel Fon
CVC;Kar Payı Ödeyen Fonlar, Serbest Özel Fonlar, Özel Fon
CVD;Döviz Fon, Serbest Özel Fonlar, Özel Fon
CVE;Borçlanma Araçları - Kamu, Özel Fon
CVF;Serbest Özel Fonlar, Sürdürülebilirlik, Tematik, Özel Fon
CVK;K.D.
CVL;K.D.
CYD;Döviz Fon
DA1;Döviz Fon
DAC;Döviz Fon, Serbest Özel Fonlar, Özel Fon
DAE;Hisse Senedi Yoğun, Serbest Hisse, Serbest Özel Fonlar, Yerli Hisse, Özel Fon
DAH;Hisse Senedi Yoğun, Yerli Hisse
DAI;Döviz Fon, Serbest Özel Fonlar, Özel Fon
DAL;Döviz Fon, Serbest Özel Fonlar, Özel Fon
DAS;Döviz Fon
DAT;Döviz Fon, Serbest Özel Fonlar, Özel Fon
DAV;Döviz Fon
DAZ;Döviz Fon, Serbest Özel Fonlar, Özel Fon
DB2;Kısa Vadeli
DBA;Altın Fonları, Emtia Fonları
DBB;K.D.
DBG;Serbest Özel Fonlar, Özel Fon
DBH;Döviz Fon, Eurobond Borçlanma Araçları
DBK;Kısa Vadeli, Kısa Vadeli Borçlanma Araçları
DBP;K.D.
DBZ;Borçlanma Araçları - Özel Sektör
DCB;Para Piyasası, Serbest Para Piyasası Fonları
DCD;Döviz Fon, Serbest Özel Fonlar, Özel Fon
DCE;Döviz Fon, Serbest Özel Fonlar, Özel Fon
DCN;Para Piyasası
DCP;Döviz Fon, Serbest Özel Fonlar, Özel Fon
DCV;Döviz Fon, Kar Payı Ödeyen Fonlar (Döviz)
DDA;Bankacılık, Hisse Senedi Yoğun, Serbest Hisse, Tematik Hisse, Yerli Hisse
DDC;Hisse Senedi Yoğun, Serbest Hisse, Yerli Hisse
DDE;Döviz Fon, Serbest Özel Fonlar, Özel Fon
DDF;Hisse Senedi Yoğun, Serbest Hisse, Yerli Hisse
DDP;Döviz Fon, Serbest Özel Fonlar, Özel Fon
DDS;Serbest Özel Fonlar, Özel Fon
DEF;K.D.
DEI;Kısa Vadeli, Serbest Katılım Fonları
DFC;Tarım - Gıda, Tematik
DFD;Emtia Fonları
DFI;K.D.
DFO;Serbest Özel Fonlar, Özel Fon
DGF;K.D.
DGH;Para Piyasası, Serbest Para Piyasası Fonları
DHI;Hisse Senedi Yoğun, Serbest Hisse, Yerli Hisse
DHJ;Hisse Senedi Yoğun, Teknoloji, Tematik Hisse, Yerli Hisse
DHM;Sürdürülebilirlik, Tematik
DHP;Hisse Senedi Yoğun, Serbest Hisse, Serbest Özel Fonlar, Yerli Hisse, Özel Fon
DHS;Hisse Senedi Yoğun, Serbest Hisse, Serbest Özel Fonlar, Yerli Hisse, Özel Fon
DHT;Teknoloji, Tematik
DHV;Hisse Senedi Yoğun, Serbest Hisse, Yerli Hisse
DID;K.D.
DIH;Hisse Senedi Yoğun, Serbest Hisse, Yerli Hisse
DIM;Döviz Fon, Serbest Özel Fonlar, Özel Fon
DIP;Para Piyasası, Serbest Para Piyasası Fonları
DK1;Kısa Vadeli, Serbest Katılım Fonları
DK8;Döviz Fon, Kar Payı Ödeyen Fonlar (Döviz)
DKA;Döviz Fon, Kar Payı Ödeyen Fonlar (Döviz)
DKC;K.D.
DKH;Hisse Senedi Yoğun, Katılım Hisse, Yerli Hisse
DKL;Döviz Fon, Serbest Katılım Döviz Fonlar, Serbest Katılım Fonları
DKP;Döviz Fon, Kar Payı Ödeyen Fonlar (Döviz)
DKR;K.D.
DKS;Döviz Fon, Serbest Özel Fonlar, Özel Fon
DKY;Döviz Fon, Kar Payı Ödeyen Fonlar (Döviz)
DL2;Para Piyasası
DLD;Hisse Senedi Yoğun, Sürdürülebilirlik, Tematik Hisse, Yerli Hisse
DLG;Sürdürülebilirlik, Tematik
DLY;Para Piyasası
DLZ;Hisse Senedi Yoğun, Serbest Hisse, Yerli Hisse
DMG;Emtia Fonları, Gümüş Fonları
DMR;Döviz Fon, Serbest Özel Fonlar, Özel Fon
DMV;Döviz Fon, Serbest Özel Fonlar, Özel Fon
DMZ;Döviz Fon, Serbest Özel Fonlar, Özel Fon
DNA;Hisse Senedi Yoğun, Serbest Hisse, Serbest Özel Fonlar, Yerli Hisse, Özel Fon
DNF;K.D.
DNH;Hisse Senedi Yoğun, Serbest Hisse, Tematik Hisse, Yerli Hisse
DNK;Serbest Katılım Fonları
DNL;Döviz Fon, Serbest Özel Fonlar, Özel Fon
DNM;Döviz Fon
DNP;Para Piyasası, Serbest Katılım Fonları, Serbest Para Piyasası Fonları
DNU;Döviz Fon, Kar Payı Ödeyen Fonlar (Döviz)
DOC;Döviz Fon, Kar Payı Ödeyen Fonlar (Döviz)
DOD;Döviz Fon
DOH;Hisse Senedi Yoğun, Serbest Hisse, Yerli Hisse
DOL;Döviz Fon
DOR;Döviz Fon, Serbest Özel Fonlar, Özel Fon
DOS;Döviz Fon, Serbest Özel Fonlar, Özel Fon
DOV;Döviz Fon
DP1;Serbest Özel Fonlar, Özel Fon
DP2;Döviz Fon, Serbest Özel Fonlar, Özel Fon
DP3;Döviz Fon, Serbest Özel Fonlar, Özel Fon
DP4;Döviz Fon, Serbest Özel Fonlar, Özel Fon
DP5;Döviz Fon, Serbest Özel Fonlar, Özel Fon
DP6;Döviz Fon, Kar Payı Ödeyen Fonlar (Döviz)
DP7;Döviz Fon, Serbest Özel Fonlar, Özel Fon
DP8;Döviz Fon, Kar Payı Ödeyen Fonlar (Döviz)
DP9;Döviz Fon, Kar Payı Ödeyen Fonlar (Döviz)
DPB;Döviz Fon
DPC;Döviz Fon, Serbest Özel Fonlar, Özel Fon
DPE;Döviz Fon, Serbest Özel Fonlar, Özel Fon
DPG;Döviz Fon, Serbest Özel Fonlar, Özel Fon
DPI;Hisse Senedi Yoğun, Serbest İstatistiksel Arbitraj Fonları
DPK;Kira Sertifikaları
DPL;Döviz Fon, Serbest Özel Fonlar, Özel Fon
DPN;Döviz Fon, Serbest Özel Fonlar, Özel Fon
DPP;Döviz Fon, Serbest Özel Fonlar, Özel Fon
DPR;Döviz Fon, Serbest Özel Fonlar, Özel Fon
DPT;Endeks Temalı Fonlar, Hisse Senedi Yoğun, Kar Payı Ödeyen Fonlar, Tematik Hisse, Yerli Hisse
DPZ;Döviz Fon, Serbest Özel Fonlar, Özel Fon
DRA;K.D.
DRD;Döviz Fon, Kar Payı Ödeyen Fonlar (Döviz)
DRH;Hisse Senedi Yoğun, Serbest Hisse, Yerli Hisse
DRT;Teknoloji, Tematik
DSC;Döviz Fon, Serbest Özel Fonlar, Özel Fon
DSD;Döviz Fon
DSP;K.D.
DSV;Döviz Fon
DTH;Hisse Senedi Yoğun, Teknoloji, Tematik Hisse, Yerli Hisse
DTL;Endeks Temalı Fonlar, Hisse Senedi Yoğun, Tematik Hisse, Yerli Hisse
DTM;Kar Payı Ödeyen Fonlar
DTO;Döviz Fon, Kar Payı Ödeyen Fonlar (Döviz)
DTP;Serbest Özel Fonlar, Özel Fon
DTV;Döviz Fon, Serbest Özel Fonlar, Özel Fon
DTZ;Teknoloji, Tematik
DUC;Hisse Senedi Yoğun, Serbest Hisse, Yerli Hisse
DUD;Döviz Fon
DUH;Hisse Senedi Yoğun, Serbest Hisse, Yerli Hisse
DUT;Döviz Fon, Kar Payı Ödeyen Fonlar (Döviz)
DUV;Uzun Vadeli Borçlanma Araçları
DVC;Döviz Fon, Serbest Özel Fonlar, Özel Fon
DVI;Döviz Fon, Serbest Özel Fonlar, Özel Fon
DVN;Döviz Fon, Serbest Özel Fonlar, Özel Fon
DVO;Serbest Özel Fonlar, Özel Fon
DVS;Kısa Vadeli
DVT;Teknoloji, Tematik
DVU;Serbest Özel Fonlar, Özel Fon
DVZ;Döviz Fon, Serbest Özel Fonlar, Özel Fon
DXP;Hisse Senedi Yoğun, Yerli Hisse
DYJ;Döviz Fon, Kar Payı Ödeyen Fonlar (Döviz)
DYN;Elektrikli Araç, Teknoloji, Tematik
DZ2;Serbest Özel Fonlar, Özel Fon
DZE;Endeks Temalı Fonlar, Hisse Senedi Yoğun, Tematik Hisse, Yerli Hisse
DZM;Döviz Fon
DZP;Döviz Fon, Serbest Özel Fonlar, Özel Fon
EBD;K.D.
EBI;Döviz Fon
EBS;Döviz Fon
EC2;Hisse Senedi Yoğun, Yerli Hisse
ECA;K.D.
ECB;Para Piyasası
ECV;Kısa Vadeli, Kısa Vadeli Borçlanma Araçları
EDD;Özel Fon
EDN;K.D.
EDP;Para Piyasası, Serbest Para Piyasası Fonları
EDT;K.D.
EDU;K.D.
EES;Döviz Fon, Serbest Özel Fonlar, Özel Fon
EGP;Döviz Fon, Sürdürülebilirlik, Tematik
EGR;K.D.
EHS;Hisse Senedi Yoğun, Serbest Hisse, Serbest Özel Fonlar, Yerli Hisse, Özel Fon
EIB;K.D.
EID;Hisse Senedi Yoğun, Yerli Hisse
EIL;Para Piyasası
EJG;Serbest Özel Fonlar, Özel Fon
EKF;Kira Sertifikaları
EKL;Para Piyasası
ELZ;Hisse Senedi Yoğun, Katılım Hisse, Yerli Hisse
EME;Hisse Senedi Yoğun, Serbest Hisse, Yerli Hisse
EML;Tematik
ENA;Özel Fon
ENJ;Hisse Senedi Yoğun, Yerli Hisse
ENO;Döviz Fon
ENR;Para Piyasası
ENS;Özel Fon
EP1;Para Piyasası
EPA;Para Piyasası
EPI;Tematik
EPK;K.D.
EPO;Döviz Fon, Serbest Özel Fonlar, Özel Fon
EPP;Para Piyasası, Serbest Para Piyasası Fonları
EPT;Para Piyasası
ESG;Sürdürülebilirlik, Tematik
ESP;Emtia Fonları
EUN;Döviz Fon
EUZ;Döviz Fon
EVM;Tematik
EYT;K.D.
EZM;Döviz Fon, Serbest Katılım Döviz Fonlar, Serbest Katılım Fonları, Serbest Özel Fonlar, Özel Fon
FAK;Altın Fonları, Emtia Fonları
FAL;Altın Fonları, Emtia Fonları
FBC;Kar Payı Ödeyen Fonlar
FBI;Döviz Fon
FBV;K.D.
FBZ;Teknoloji, Tematik
FCK;K.D.
FD1;K.D.
FDE;Döviz Fon, Kar Payı Ödeyen Fonlar (Döviz)
FDG;K.D.
FDO;Döviz Fon, Serbest Özel Fonlar, Özel Fon
FDV;K.D.
FDY;Döviz Fon, Kar Payı Ödeyen Fonlar (Döviz)
FDZ;Hisse Senedi Yoğun, Serbest Hisse, Yerli Hisse
FFD;Para Piyasası
FFF;Döviz Fon, Serbest Özel Fonlar, Özel Fon
FFH;K.D.
FFO;Döviz Fon
FFP;K.D.
FHI;Hisse Senedi Yoğun, Serbest Hisse, Yerli Hisse
FHP;Para Piyasası, Serbest Para Piyasası Fonları, Serbest Özel Fonlar, Özel Fon
FHZ;Döviz Fon, Serbest Özel Fonlar, Özel Fon
FI3;K.D.
FI5;Para Piyasası
FIB;Altın Fonları, Emtia Fonları
FID;K.D.
FIL;Para Piyasası
FIT;K.D.
FJB;Blockchain, Teknoloji, Tematik
FJC;Döviz Fon
FJM;Döviz Fon
FJN;Döviz Fon
FJZ;Döviz Fon
FKE;Döviz Fon
FKH;Döviz Fon, Kar Payı Ödeyen Fonlar (Döviz)
FKV;Döviz Fon, Kar Payı Ödeyen Fonlar (Döviz)
FLS;Döviz Fon
FLY;Teknoloji, Tematik
FMG;Emtia Fonları, Gümüş Fonları
FMS;Döviz Fon, Serbest Özel Fonlar, Özel Fon
FMV;K.D.
FNO;K.D.
FNT;Hisse Senedi Yoğun, Serbest Hisse, Yerli Hisse
FP4;Hisse Senedi Yoğun, Serbest Hisse, Yerli Hisse
FPE;Döviz Fon, Eurobond Borçlanma Araçları
FPG;Emtia Fonları, Gümüş Fonları
FPH;Hisse Senedi Yoğun, Yerli Hisse
FPI;Para Piyasası
FPK;Kısa Vadeli, Kısa Vadeli Borçlanma Araçları
FPR;Hisse Senedi Yoğun, Serbest Hisse, Yerli Hisse
FPZ;Döviz Fon
FRA;Serbest Özel Fonlar, Özel Fon
FRC;Hisse Senedi Yoğun, Serbest Hisse, Yerli Hisse
FRZ;Serbest Özel Fonlar, Özel Fon
FS1;Hisse Senedi Yoğun, Serbest Hisse, Yerli Hisse
FS2;Hisse Senedi Yoğun, Serbest Hisse, Yerli Hisse
FS3;Hisse Senedi Yoğun, Katılım Hisse, Serbest Hisse, Serbest Katılım Fonları, Serbest Katılım Hisse, Yerli Hisse
FS4;Hisse Senedi Yoğun, Serbest Hisse, Yerli Hisse
FS5;Hisse Senedi Yoğun, Serbest İstatistiksel Arbitraj Fonları
FS6;Serbest İstatistiksel Arbitraj Fonları
FSF;Para Piyasası, Serbest Para Piyasası Fonları
FSG;Hisse Senedi Yoğun, Serbest Hisse, Yerli Hisse
FSH;K.D.
FSK;Para Piyasası
FSM;Hisse Senedi Yoğun, Serbest Hisse, Yerli Hisse
FSP;Döviz Fon
FSR;Döviz Fon
FSU;K.D.
FSV;Döviz Fon, Kar Payı Ödeyen Fonlar (Döviz)
FTL;Para Piyasası
FTM;Döviz Fon
FTY;Döviz Fon, Kar Payı Ödeyen Fonlar (Döviz)
FUA;Hisse Senedi Yoğun, Yerli Hisse
FUB;Döviz Fon, Eurobond Borçlanma Araçları
FUM;Döviz Fon, Serbest Özel Fonlar, Özel Fon
FUN;Döviz Fon
FUP;Döviz Fon, Serbest Özel Fonlar, Özel Fon
FYB;Döviz Fon, Serbest Özel Fonlar, Özel Fon
FYD;Hisse Senedi Yoğun, Yerli Hisse
FYF;Hisse Senedi Yoğun, Mutlak Getiri Hedefli
FYG;Döviz Fon, Serbest Özel Fonlar, Özel Fon
FYH;Döviz Fon
FYI;K.D.
FYM;Döviz Fon
FYO;Borçlanma Araçları - Özel Sektör
FYT;Kısa Vadeli, Kısa Vadeli Borçlanma Araçları
FYZ;Hisse Senedi Yoğun, Serbest Hisse, Serbest Özel Fonlar, Yerli Hisse, Özel Fon
FZJ;K.D.
FZP;K.D.
GA1;K.D.
GAC;Döviz Fon
GAE;Endeks Temalı Fonlar, Hisse Senedi Yoğun, Tematik Hisse, Yerli Hisse
GAF;Hisse Senedi Yoğun, Yerli Hisse
GAG;Döviz Fon
GAH;Mutlak Getiri Hedefli
GAJ;Döviz Fon
GAL;Para Piyasası
GAS;Döviz Fon
GAU;Döviz Fon
GAV;Döviz Fon
GBC;Yabancı Fonlar, Yabancı Hisse
GBG;Yabancı Fonlar, Yabancı Hisse
GBH;Hisse Senedi Yoğun, Serbest Hisse, Yerli Hisse
GBJ;Bankacılık, Hisse Senedi Yoğun, Serbest Hisse, Tematik Hisse, Yerli Hisse
GBL;Kısa Vadeli, Kısa Vadeli Borçlanma Araçları
GBN;K.D.
GBP;Döviz Fon, Serbest Özel Fonlar, Özel Fon
GBV;Blockchain, Teknoloji, Tematik
GBZ;Emtia Fonları
GCA;Döviz Fon, Serbest Özel Fonlar, Özel Fon
GCC;Serbest Özel Fonlar, Özel Fon
GCD;Hisse Senedi Yoğun, Serbest Hisse, Yerli Hisse
GCI;Döviz Fon, Serbest Özel Fonlar, Özel Fon
GCZ;Döviz Fon, Serbest Özel Fonlar, Özel Fon
GDJ;Döviz Fon, Serbest Özel Fonlar, Özel Fon
GDP;Döviz Fon, Serbest Özel Fonlar, Özel Fon
GEC;Döviz Fon, Serbest Özel Fonlar, Özel Fon
GEZ;Döviz Fon, Serbest Özel Fonlar, Özel Fon
GFB;Döviz Fon, Serbest Özel Fonlar, Özel Fon
GFD;Döviz Fon, Serbest Özel Fonlar, Özel Fon
GFI;Döviz Fon, Serbest Özel Fonlar, Özel Fon
GFL;Serbest Özel Fonlar, Özel Fon
GFN;Döviz Fon, Serbest Özel Fonlar, Özel Fon
GFY;Döviz Fon, Serbest Özel Fonlar, Özel Fon
GGA;Döviz Fon, Serbest Özel Fonlar, Özel Fon
GGC;Hisse Senedi Yoğun, Serbest Hisse, Serbest Özel Fonlar, Yerli Hisse, Özel Fon
GGD;Döviz Fon, Serbest Özel Fonlar, Özel Fon
GGK;Altın Fonları, Emtia Fonları
GGM;Serbest Özel Fonlar, Özel Fon
GGN;Döviz Fon, Serbest Özel Fonlar, Özel Fon
GGP;Döviz Fon, Serbest Özel Fonlar, Özel Fon
GGR;Döviz Fon, Serbest Özel Fonlar, Özel Fon
GHS;Hisse Senedi Yoğun, Yerli Hisse
GID;Hisse Senedi Yoğun, Tematik Hisse, Yerli Hisse
GIE;Hisse Senedi Yoğun, Sürdürülebilirlik, Tematik Hisse, Yerli Hisse
GIH;Hisse Senedi Yoğun, Tarım - Gıda, Tematik Hisse, Yerli Hisse
GJA;Döviz Fon, Serbest Özel Fonlar, Özel Fon
GJB;K.D.
GJD;Döviz Fon, Serbest Özel Fonlar, Özel Fon
GJE;Döviz Fon, Serbest Özel Fonlar, Özel Fon
GJF;Döviz Fon, Serbest Özel Fonlar, Özel Fon
GJH;Para Piyasası, Serbest Para Piyasası Fonları
GJO;Döviz Fon, Serbest Özel Fonlar, Özel Fon
GKF;K.D.
GKG;Hisse Senedi Yoğun, Kar Payı Ödeyen Fonlar, Yerli Hisse
GKH;Para Piyasası, Serbest Katılım Fonları, Serbest Para Piyasası Fonları
GKK;Döviz Fon, Serbest Özel Fonlar, Özel Fon
GKL;Hisse Senedi Yoğun, Serbest Hisse, Serbest Özel Fonlar, Yerli Hisse, Özel Fon
GKM;Döviz Fon, Kar Payı Ödeyen Fonlar (Döviz)
GKV;Hisse Senedi Yoğun, Katılım Hisse, Yerli Hisse
GL1;Hisse Senedi Yoğun, Yerli Hisse
GLC;K.D.
GLG;Hisse Senedi Yoğun, Serbest Hisse, Yerli Hisse
GLP;Döviz Fon, Serbest Özel Fonlar, Özel Fon
GLS;Kira Sertifikaları
GMA;K.D.
GMC;Emtia Fonları, Gümüş Fonları
GMD;K.D.
GME;Serbest Özel Fonlar, Özel Fon
GMI;Emtia Fonları, Gümüş Fonları
GMM;Döviz Fon, Kar Payı Ödeyen Fonlar (Döviz)
GMN;Para Piyasası, Serbest Para Piyasası Fonları
GMO;Hisse Senedi Yoğun, Serbest Hisse, Serbest Özel Fonlar, Yerli Hisse, Özel Fon
GMP;Döviz Fon, Serbest Özel Fonlar, Özel Fon
GMR;Endeks Temalı Fonlar, Hisse Senedi Yoğun, Tematik Hisse, Yerli Hisse
GMZ;Serbest Özel Fonlar, Özel Fon
GNH;Hisse Senedi Yoğun, Yerli Hisse
GNK;Döviz Fon, Serbest Özel Fonlar, Özel Fon
GNL;Döviz Fon, Serbest Özel Fonlar, Özel Fon
GNP;Para Piyasası
GNS;Hisse Senedi Yoğun, Yerli Hisse
GNZ;Özel Fon
GO1;K.D.
GO2;K.D.
GO3;K.D.
GO4;K.D.
GO6;Para Piyasası
GO9;Hisse Senedi Yoğun, Yerli Hisse
GOF;Döviz Fon
GOH;Endeks Temalı Fonlar, Hisse Senedi Yoğun, Tematik Hisse, Yerli Hisse
GOL;Altın Fonları, Emtia Fonları
GOP;Para Piyasası
GP1;Serbest Özel Fonlar, Özel Fon
GP3;Döviz Fon
GPA;Döviz Fon, Eurobond Borçlanma Araçları
GPB;K.D.
GPC;Döviz Fon
GPF;K.D.
GPG;K.D.
GPH;Döviz Fon, Serbest Özel Fonlar, Özel Fon
GPI;K.D.
GPJ;Döviz Fon, Serbest Özel Fonlar, Özel Fon
GPL;Döviz Fon
GPM;Döviz Fon, Serbest Özel Fonlar, Özel Fon
GPN;Para Piyasası
GPT;Teknoloji, Tematik
GPU;K.D.
GPV;Döviz Fon, Serbest Özel Fonlar, Özel Fon
GPZ;Para Piyasası
GRL;K.D.
GRO;Döviz Fon
GRT;Hisse Senedi Yoğun, Teknoloji, Tematik Hisse, Yerli Hisse
GSE;Döviz Fon
GSG;Döviz Fon, Serbest Özel Fonlar, Özel Fon
GSL;Serbest Özel Fonlar, Özel Fon
GSO;Serbest Özel Fonlar, Özel Fon
GSP;Hisse Senedi Yoğun, Kar Payı Ödeyen Fonlar, Yerli Hisse
GSR;Döviz Fon, Serbest Özel Fonlar, Özel Fon
GTA;Altın Fonları, Emtia Fonları
GTF;K.D.
GTH;Hisse Senedi Yoğun, Yerli Hisse
GTK;Borçlanma Araçları - Kamu, Özel Fon
GTL;Para Piyasası
GTM;Hisse Senedi Yoğun, Kar Payı Ödeyen Fonlar, Yerli Hisse
GTN;Döviz Fon, Serbest Özel Fonlar, Özel Fon
GTY;K.D.
GTZ;Emtia Fonları, Gümüş Fonları
GUA;Özel Fon
GUB;Borçlanma Araçları - Özel Sektör
GUC;Para Piyasası, Serbest Para Piyasası Fonları, Serbest Özel Fonlar, Özel Fon
GUF;Emtia Fonları, Gümüş Fonları
GUH;Teknoloji, Tematik Hisse, Yabancı Fonlar, Yabancı Hisse
GUK;Emtia Fonları, Gümüş Fonları, Serbest Katılım Fonları
GUM;Emtia Fonları, Gümüş Fonları
GUV;Uzun Vadeli Borçlanma Araçları
GVA;Elektrikli Araç, Teknoloji, Tematik
GVB;Döviz Fon, Serbest Özel Fonlar, Özel Fon
GVC;Döviz Fon, Serbest Özel Fonlar, Özel Fon
GVD;Döviz Fon, Serbest Özel Fonlar, Özel Fon
GVI;K.D.
GVL;Döviz Fon, Serbest Özel Fonlar, Özel Fon
GVZ;Döviz Fon, Serbest Özel Fonlar, Özel Fon
GYC;Serbest Özel Fonlar, Özel Fon
GYG;Döviz Fon, Serbest Özel Fonlar, Özel Fon
GYK;K.D.
GYL;Kısa Vadeli, Kısa Vadeli Borçlanma Araçları
GYN;Döviz Fon, Serbest Özel Fonlar, Özel Fon
GYR;Döviz Fon, Serbest Özel Fonlar, Özel Fon
GZB;Serbest Özel Fonlar, Özel Fon
GZD;Döviz Fon, Serbest Özel Fonlar, Özel Fon
GZE;Emtia Fonları
GZG;Sağlık - İlaç, Teknoloji, Tematik
GZH;Sürdürülebilirlik, Tematik
GZJ;K.D.
GZL;Tarım - Gıda, Tematik
GZM;K.D.
GZN;K.D.
GZO;Döviz Fon
GZP;K.D.
GZR;Hisse Senedi Yoğun, Sürdürülebilirlik, Tematik Hisse, Yerli Hisse
GZU;Döviz Fon, Serbest Özel Fonlar, Özel Fon
GZV;Sürdürülebilirlik, Tematik
GZY;Tematik
GZZ;Teknoloji, Tematik
HAE;Döviz Fon
HAG;Döviz Fon
HAI;Altın Fonları, Emtia Fonları
HAM;Altın Fonları, Emtia Fonları
HAR;K.D.
HAT;Hisse Senedi Yoğun, Serbest İstatistiksel Arbitraj Fonları
HB1;Döviz Fon
HB2;Döviz Fon
HBF;Altın Fonları, Emtia Fonları
HBN;K.D.
HBU;Endeks Temalı Fonlar, Hisse Senedi Yoğun, Tematik Hisse, Yerli Hisse
HBV;Hisse Senedi Yoğun, Serbest Hisse, Yerli Hisse
HCV;K.D.
HDA;Hisse Senedi Yoğun, Serbest İstatistiksel Arbitraj Fonları
HDD;K.D.
HDE;Döviz Fon
HDH;Hisse Senedi Yoğun, Serbest Hisse, Yerli Hisse
HDK;Hisse Senedi Yoğun, Serbest İstatistiksel Arbitraj Fonları
HDV;Döviz Fon
HEH;Hisse Senedi Yoğun, Serbest İstatistiksel Arbitraj Fonları
HFA;Serbest Özel Fonlar, Özel Fon
HFI;Hisse Senedi Yoğun, Katılım Hisse, Serbest Hisse, Serbest Katılım Fonları, Serbest Katılım Hisse, Yerli Hisse
HFO;K.D.
HFR;Hisse Senedi Yoğun, Yerli Hisse
HFV;Döviz Fon
HFY;Kısa Vadeli, Serbest Katılım Fonları
HGC;Döviz Fon
HGH;Hisse Senedi Yoğun, Serbest Hisse, Yerli Hisse
HGJ;Hisse Senedi Yoğun, Serbest Hisse, Yerli Hisse
HGM;Hisse Senedi Yoğun, Yerli Hisse
HGR;K.D.
HGT;Döviz Fon
HGU;Serbest Özel Fonlar, Özel Fon
HGV;K.D.
HIA;Serbest İstatistiksel Arbitraj Fonları
HIF;K.D.
HIH;Hisse Senedi Yoğun, Holding, Tematik Hisse, Yerli Hisse
HII;Döviz Fon, Serbest Özel Fonlar, Özel Fon
HIM;Hisse Senedi Yoğun, Serbest İstatistiksel Arbitraj Fonları
HIP;Para Piyasası
HIZ;K.D.
HJA;Hisse Senedi Yoğun, Serbest Hisse, Yerli Hisse
HJB;K.D.
HKG;K.D.
HKH;Hisse Senedi Yoğun, Katılım Hisse, Yerli Hisse
HKJ;Para Piyasası, Serbest Para Piyasası Fonları
HKM;Hisse Senedi Yoğun, Serbest Hisse, Yerli Hisse
HKP;Hisse Senedi Yoğun, Katılım Hisse, Serbest Hisse, Serbest Katılım Fonları, Serbest Katılım Hisse, Yerli Hisse
HKR;Hisse Senedi Yoğun, Serbest Hisse, Yerli Hisse
HKV;Kısa Vadeli, Kısa Vadeli Borçlanma Araçları
HLA;Hisse Senedi Yoğun, Serbest Hisse, Yerli Hisse
HLL;Para Piyasası
HLR;Hisse Senedi Yoğun, Serbest Hisse, Yerli Hisse
HMC;K.D.
HME;Döviz Fon
HMG;Hisse Senedi Yoğun, Mutlak Getiri Hedefli
HMK;Hisse Senedi Yoğun, Serbest Hisse, Yerli Hisse
HML;Döviz Fon, Serbest Katılım Döviz Fonlar, Serbest Katılım Fonları
HMS;Hisse Senedi Yoğun, Sürdürülebilirlik, Tematik Hisse, Yerli Hisse
HMV;Hisse Senedi Yoğun, Serbest Hisse, Yerli Hisse
HNC;Hisse Senedi Yoğun, Yerli Hisse
HNS;Döviz Fon, Kar Payı Ödeyen Fonlar (Döviz)
HOA;Teknoloji, Tematik
HOY;Yabancı BYF Sepetleri, Yabancı Fonlar
HP3;Döviz Fon
HPC;Serbest Özel Fonlar, Özel Fon
HPD;K.D.
HPF;Hisse Senedi Yoğun, Serbest Hisse, Yerli Hisse
HPH;Para Piyasası
HPI;Hisse Senedi Yoğun, Serbest Hisse, Yerli Hisse
HPJ;Hisse Senedi Yoğun, Serbest Hisse, Serbest Özel Fonlar, Yerli Hisse, Özel Fon
HPL;Hisse Senedi Yoğun, Serbest Hisse, Yerli Hisse
HPO;K.D.
HPT;Kısa Vadeli, Kısa Vadeli Borçlanma Araçları
HPV;Kira Sertifikaları, Kira Sertifikaları - Kısa Vadeli, Kısa Vadeli
HPZ;Hisse Senedi Yoğun, Serbest Hisse, Yerli Hisse
HRZ;Endeks Temalı Fonlar, Hisse Senedi Yoğun, Tematik Hisse, Yerli Hisse
HSA;K.D.
HSL;Para Piyasası
HSP;Döviz Fon, Kar Payı Ödeyen Fonlar (Döviz)
HST;K.D.
HTF;Para Piyasası, Serbest Para Piyasası Fonları
HTJ;Teknoloji, Tematik
HTK;Teknoloji, Tematik
HTS;Döviz Fon
HUI;Hisse Senedi Yoğun, Serbest Hisse, Serbest Özel Fonlar, Yerli Hisse, Özel Fon
HVA;Hisse Senedi Yoğun, Serbest Hisse, Yerli Hisse
HVB;Hisse Senedi Yoğun, Serbest Hisse, Yerli Hisse
HVC;Hisse Senedi Yoğun, Serbest Hisse, Yerli Hisse
HVI;Hisse Senedi Yoğun, Holding, Tematik Hisse, Yerli Hisse
HVK;K.D.
HVS;Hisse Senedi Yoğun, Yerli Hisse
HVT;Para Piyasası
HVU;K.D.
HVV;Döviz Fon, Serbest Özel Fonlar, Özel Fon
HVZ;Hisse Senedi Yoğun, Yerli Hisse
HYP;K.D.
HYU;Kısa Vadeli
HYV;Para Piyasası
HYY;Hisse Senedi Yoğun, Serbest Hisse, Serbest Özel Fonlar, Yerli Hisse, Özel Fon
HZV;Serbest Özel Fonlar
IAC;Hisse Senedi Yoğun, Serbest Hisse, Serbest Özel Fonlar, Yerli Hisse, Özel Fon
IAE;K.D.
IAI;Hisse Senedi Yoğun, Serbest Hisse, Serbest Özel Fonlar, Yerli Hisse, Özel Fon
IAM;K.D.
IAR;K.D.
IAS;Hisse Senedi Yoğun, Mutlak Getiri Hedefli
IAT;Kira Sertifikaları
IAU;Hisse Senedi Yoğun, Serbest İstatistiksel Arbitraj Fonları
IAY;Altın Fonları, Emtia Fonları
IBB;K.D.
IBC;Serbest Özel Fonlar, Özel Fon
IBJ;Döviz Fon
IBK;Kısa Vadeli, Kısa Vadeli Borçlanma Araçları
IBM;Mutlak Getiri Hedefli
IBP;Döviz Fon, Serbest Özel Fonlar, Özel Fon
IBR;Mutlak Getiri Hedefli
ICA;Altın Fonları, Emtia Fonları
ICC;K.D.
ICD;K.D.
ICE;Para Piyasası
ICF;Hisse Senedi Yoğun, Yerli Hisse
ICG;Döviz Fon, Serbest Özel Fonlar, Özel Fon
ICH;K.D.
ICN;Serbest İstatistiksel Arbitraj Fonları
ICS;Döviz Fon
ICV;K.D.
ICZ;Hisse Senedi Yoğun, Teknoloji, Tematik Hisse, Yerli Hisse
IDD;K.D.
IDF;Döviz Fon
IDH;Endeks Temalı Fonlar, Hisse Senedi Yoğun, Tematik Hisse, Yerli Hisse
IDI;Hisse Senedi Yoğun, Tematik Hisse, Yerli Hisse
IDL;Para Piyasası
IDO;Döviz Fon
IDP;Hisse Senedi Yoğun, Serbest Hisse, Yerli Hisse
IDV;Döviz Fon, Serbest Özel Fonlar, Özel Fon
IDY;K.D.
IED;K.D.
IEN;Hisse Senedi Yoğun, Serbest Hisse, Tematik Hisse, Yerli Hisse
IEV;Teknoloji, Tematik
IEZ;Hisse Senedi Yoğun, Serbest Hisse, Serbest Özel Fonlar, Yerli Hisse, Özel Fon
IFD;Döviz Fon, Serbest Özel Fonlar, Özel Fon
IFN;Hisse Senedi Yoğun, Sürdürülebilirlik, Tematik Hisse, Yerli Hisse
IFV;Kısa Vadeli, Kısa Vadeli Borçlanma Araçları
IFY;Serbest Özel Fonlar, Özel Fon
IGF;Döviz Fon, Serbest Özel Fonlar, Özel Fon
IGL;Para Piyasası
IGM;Döviz Fon, Serbest Özel Fonlar, Özel Fon
IGZ;Hisse Senedi Yoğun, Serbest Hisse, Serbest Özel Fonlar, Yerli Hisse, Özel Fon
IH1;K.D.
IHA;Hisse Senedi Yoğun, Yerli Hisse
IHC;K.D.
IHK;Hisse Senedi Yoğun, Yerli Hisse
IHP;Hisse Senedi Yoğun, Serbest Hisse, Yerli Hisse
IHT;Hisse Senedi Yoğun, Yerli Hisse
IHV;Hisse Senedi Yoğun, Serbest Hisse, Yerli Hisse
IHY;Hisse Senedi Yoğun, Serbest Hisse, Serbest Özel Fonlar, Yerli Hisse, Özel Fon
IHZ;Hisse Senedi Yoğun, Serbest Hisse, Yerli Hisse
IIE;K.D.
IIF;Serbest İstatistiksel Arbitraj Fonları
IIH;Hisse Senedi Yoğun, Yerli Hisse
IIN;Para Piyasası, Serbest Para Piyasası Fonları
IJA;K.D.
IJB;Teknoloji, Tematik
IJC;Teknoloji, Tematik
IJE;Döviz Fon, Serbest Özel Fonlar, Özel Fon
IJF;Hisse Senedi Yoğun, Serbest Hisse, Serbest Özel Fonlar, Yerli Hisse, Özel Fon
IJH;K.D.
IJI;Hisse Senedi Yoğun, Serbest Hisse, Yerli Hisse
IJK;Döviz Fon, Serbest Özel Fonlar, Özel Fon
IJL;Döviz Fon
IJP;Blockchain, Teknoloji, Tematik
IJT;Tarım - Gıda, Tematik
IJV;Para Piyasası
IJZ;Teknoloji, Tematik
IK2;Döviz Fon, Kar Payı Ödeyen Fonlar (Döviz)
IKL;Sağlık - İlaç, Tematik
IKP;Sürdürülebilirlik, Tematik
IKV;Kısa Vadeli, Kısa Vadeli Borçlanma Araçları
ILC;Döviz Fon
ILE;Serbest Özel Fonlar, Özel Fon
ILH;Para Piyasası, Serbest Para Piyasası Fonları
ILP;Döviz Fon, Serbest Özel Fonlar, Özel Fon
ILU;K.D.
ILZ;K.D.
IMB;Hisse Senedi Yoğun, Yerli Hisse
IMF;K.D.
IMG;Döviz Fon, Kar Payı Ödeyen Fonlar (Döviz)
IMH;Serbest Özel Fonlar, Özel Fon
IML;Hisse Senedi Yoğun, Yerli Hisse
IMO;Serbest Özel Fonlar, Özel Fon
IMS;Serbest Özel Fonlar, Özel Fon
IMT;Döviz Fon, Serbest Özel Fonlar, Özel Fon
IMY;Döviz Fon, Serbest Özel Fonlar, Özel Fon
IMZ;Döviz Fon, Serbest Özel Fonlar, Özel Fon
INH;Özel Fon
INV;Kar Payı Ödeyen Fonlar, Serbest Özel Fonlar, Serbest İstatistiksel Arbitraj Fonları, Özel Fon
INZ;Serbest İstatistiksel Arbitraj Fonları
IOG;Emtia Fonları, Gümüş Fonları
IOH;Döviz Fon
IOJ;Döviz Fon
IOL;Döviz Fon, Serbest Özel Fonlar, Özel Fon
IOO;Para Piyasası
IOP;Para Piyasası
IOT;Döviz Fon, Serbest Özel Fonlar, Özel Fon
IOV;Döviz Fon, Serbest Özel Fonlar, Özel Fon
IPA;Hisse Senedi Yoğun, Serbest Hisse, Serbest Özel Fonlar, Yerli Hisse, Özel Fon
IPB;K.D.
IPC;Serbest Özel Fonlar, Özel Fon
IPE;Serbest Özel Fonlar, Özel Fon
IPG;K.D.
IPJ;Elektrikli Araç, Teknoloji, Tematik
IPK;Serbest Özel Fonlar, Özel Fon
IPO;Serbest Özel Fonlar, Özel Fon
IPR;Serbest Özel Fonlar, Özel Fon
IPU;Serbest Özel Fonlar, Özel Fon
IPV;Döviz Fon, Eurobond Borçlanma Araçları
IRB;Hisse Senedi Yoğun, Serbest İstatistiksel Arbitraj Fonları
IRE;Döviz Fon, Kar Payı Ödeyen Fonlar (Döviz)
IRF;K.D.
IRO;Teknoloji, Tematik
IRT;Teknoloji, Tematik
IRV;Serbest İstatistiksel Arbitraj Fonları
IRY;Para Piyasası
ISR;Döviz Fon, Serbest Özel Fonlar, Özel Fon
ISS;Serbest Özel Fonlar, Özel Fon
IST;Kısa Vadeli, Kısa Vadeli Borçlanma Araçları
ITA;Döviz Fon, Serbest Özel Fonlar, Özel Fon
ITC;Hisse Senedi Yoğun, Kar Payı Ödeyen Fonlar, Yerli Hisse
ITD;Döviz Fon, Serbest Özel Fonlar, Özel Fon
ITL;Serbest Özel Fonlar, Özel Fon
ITP;Teknoloji, Tematik
ITR;Serbest Özel Fonlar, Özel Fon
ITV;Döviz Fon
ITZ;Döviz Fon, Serbest Özel Fonlar, Özel Fon
IUA;Döviz Fon
IUB;Döviz Fon, Serbest Özel Fonlar, Özel Fon
IUC;Serbest Özel Fonlar, Özel Fon
IUF;Döviz Fon
IUH;Teknoloji, Tematik
IUM;Döviz Fon, Serbest Özel Fonlar, Özel Fon
IUN;Döviz Fon, Serbest Özel Fonlar, Özel Fon
IUV;Döviz Fon
IUZ;Para Piyasası
IV6;Döviz Fon, Serbest Özel Fonlar, Özel Fon
IV7;Serbest Özel Fonlar, Özel Fon
IV8;Kira Sertifikaları
IVA;Serbest Özel Fonlar, Özel Fon
IVF;Hisse Senedi Yoğun, Katılım Hisse, Yerli Hisse
IVS;Serbest İstatistiksel Arbitraj Fonları
IVY;Blockchain, Teknoloji, Tematik
IYB;K.D.
IYP;Serbest Özel Fonlar, Özel Fon
IYS;Serbest Özel Fonlar, Özel Fon
IYV;K.D.
IZA;Serbest Özel Fonlar, Özel Fon
IZB;K.D.
IZE;Döviz Fon, Serbest Özel Fonlar, Özel Fon
IZL;Döviz Fon
IZS;K.D.
IZV;Serbest Özel Fonlar, Özel Fon
IZY;Döviz Fon
JET;Teknoloji, Tematik
JOT;Döviz Fon, Serbest Özel Fonlar, Özel Fon
JUP;Döviz Fon
KAC;Kısa Vadeli, Serbest Katılım Fonları
KAN;Altın Fonları, Emtia Fonları, Serbest Katılım Fonları
KAV;Döviz Fon, Serbest Katılım Döviz Fonlar, Serbest Katılım Fonları
KBJ;Hisse Senedi Yoğun, Kar Payı Ödeyen Fonlar, Serbest Hisse, Yerli Hisse
KBP;Hisse Senedi Yoğun, Katılım Hisse, Serbest Hisse, Serbest Katılım Fonları, Serbest Katılım Hisse, Serbest Özel Fonlar, Yerli Hisse, Özel Fon
KBZ;Döviz Fon, Serbest Katılım Döviz Fonlar, Serbest Katılım Fonları, Serbest Özel Fonlar, Özel Fon
KCL;K.D.
KCR;K.D.
KCV;K.D.
KDE;K.D.
KDI;Döviz Fon
KDK;Döviz Fon, Serbest Katılım Döviz Fonlar, Serbest Katılım Fonları, Serbest Özel Fonlar, Özel Fon
KDL;Döviz Fon, Serbest Katılım Döviz Fonlar, Serbest Katılım Fonları
KDO;Döviz Fon, Serbest Katılım Döviz Fonlar, Serbest Katılım Fonları
KDS;Döviz Fon, Serbest Katılım Döviz Fonlar, Serbest Katılım Fonları
KDT;Döviz Fon, Serbest Katılım Döviz Fonlar, Serbest Katılım Fonları
KDV;Döviz Fon, Serbest Katılım Döviz Fonlar, Serbest Katılım Fonları
KDZ;Döviz Fon, Serbest Katılım Döviz Fonlar, Serbest Katılım Fonları
KEI;Serbest Katılım Fonları, Serbest Özel Fonlar, Özel Fon
KEO;Serbest Katılım Fonları, Serbest Özel Fonlar, Özel Fon
KEU;Döviz Fon, Serbest Katılım Döviz Fonlar, Serbest Katılım Fonları
KFZ;Serbest Katılım Fonları, Serbest Özel Fonlar, Özel Fon
KGM;Emtia Fonları, Gümüş Fonları
KH1;Hisse Senedi Yoğun, Katılım Hisse, Yerli Hisse
KHA;Hisse Senedi Yoğun, Yerli Hisse
KHB;Endeks Temalı Fonlar, Hisse Senedi Yoğun, Tematik Hisse, Yerli Hisse
KHC;Hisse Senedi Yoğun, Katılım Hisse, Yerli Hisse
KHD;Hisse Senedi Yoğun, Katılım Hisse, Serbest Hisse, Serbest Katılım Fonları, Serbest Katılım Hisse, Yerli Hisse
KHF;Hisse Senedi Yoğun, Katılım Hisse, Serbest Hisse, Serbest Katılım Fonları, Serbest Katılım Hisse, Yerli Hisse
KHJ;Hisse Senedi Yoğun, Katılım Hisse, Yerli Hisse
KHP;Para Piyasası
KHT;Hisse Senedi Yoğun, Serbest Hisse, Yerli Hisse
KHU;Döviz Fon, Serbest Katılım Döviz Fonlar, Serbest Katılım Fonları, Serbest Özel Fonlar, Özel Fon
KIA;Mutlak Getiri Hedefli
KIB;Teknoloji, Tematik
KIE;Para Piyasası
KIH;Serbest İstatistiksel Arbitraj Fonları
KIK;K.D.
KIS;Döviz Fon, Kira Sertifikaları - Döviz
KJK;Serbest Katılım Fonları, Serbest Özel Fonlar, Yabancı Fonlar, Özel Fon
KKB;Döviz Fon, Serbest Katılım Döviz Fonlar, Serbest Katılım Fonları, Serbest Özel Fonlar, Özel Fon
KKC;Döviz Fon, Serbest Katılım Döviz Fonlar, Serbest Katılım Fonları
KKE;Döviz Fon, Serbest Katılım Döviz Fonlar, Serbest Katılım Fonları, Serbest Özel Fonlar, Özel Fon
KKH;K.D.
KKL;Kısa Vadeli, Serbest Katılım Fonları
KKO;Döviz Fon, Kar Payı Ödeyen Fonlar (Döviz)
KKP;Döviz Fon, Kar Payı Ödeyen Fonlar (Döviz)
KKT;Kısa Vadeli, Serbest Katılım Fonları
KLH;Hisse Senedi Yoğun, Katılım Hisse, Serbest Hisse, Serbest Katılım Fonları, Serbest Katılım Hisse, Yerli Hisse
KLI;Para Piyasası, Serbest Katılım Fonları, Serbest Para Piyasası Fonları
KLL;Döviz Fon, Serbest Katılım Döviz Fonlar, Serbest Katılım Fonları, Serbest Özel Fonlar, Özel Fon
KLM;Döviz Fon, Serbest Özel Fonlar, Özel Fon
KLS;Döviz Fon, Serbest Katılım Döviz Fonlar, Serbest Katılım Fonları
KLU;Para Piyasası
KMA;Döviz Fon, Serbest Katılım Döviz Fonlar, Serbest Katılım Fonları, Serbest Özel Fonlar, Özel Fon
KME;K.D.
KMF;Altın Fonları, Emtia Fonları
KMN;K.D.
KMT;Serbest Katılım Fonları, Serbest Özel Fonlar, Özel Fon
KNC;Döviz Fon, Serbest Özel Fonlar, Özel Fon
KNI;Para Piyasası, Serbest Para Piyasası Fonları
KNJ;K.D.
KNP;Döviz Fon, Serbest Özel Fonlar, Özel Fon
KNS;Serbest Katılım Fonları, Serbest Özel Fonlar, Özel Fon
KNT;Döviz Fon, Serbest Özel Fonlar, Özel Fon
KNV;Döviz Fon, Serbest Özel Fonlar, Özel Fon
KNZ;Döviz Fon, Serbest Özel Fonlar, Özel Fon
KO4;Döviz Fon, Kar Payı Ödeyen Fonlar (Döviz)
KOB;Serbest Katılım Fonları, Serbest Özel Fonlar, Özel Fon
KOD;K.D.
KOP;Döviz Fon
KOT;Hisse Senedi Yoğun, Holding, Tematik Hisse, Yerli Hisse
KOZ;Döviz Fon, Serbest Özel Fonlar, Özel Fon
KP3;Döviz Fon
KPA;Hisse Senedi Yoğun, Kar Payı Ödeyen Fonlar, Katılım Hisse, Yerli Hisse
KPB;Serbest Özel Fonlar, Özel Fon
KPC;Hisse Senedi Yoğun, Katılım Hisse, Yerli Hisse
KPD;Kar Payı Ödeyen Fonlar, Serbest Katılım Fonları
KPF;Hisse Senedi Yoğun, Mutlak Getiri Hedefli
KPH;Hisse Senedi Yoğun, Kar Payı Ödeyen Fonlar, Yerli Hisse
KPI;Para Piyasası
KPK;Döviz Fon, Serbest Özel Fonlar, Özel Fon
KPP;Para Piyasası
KPR;Para Piyasası, Serbest Katılım Fonları, Serbest Para Piyasası Fonları
KPU;Hisse Senedi Yoğun, Katılım Hisse, Yerli Hisse
KRC;K.D.
KRF;K.D.
KRH;Hisse Senedi Yoğun, Serbest Hisse, Yerli Hisse
KRO;Döviz Fon, Kar Payı Ödeyen Fonlar (Döviz)
KRR;K.D.
KRS;Döviz Fon
KRT;Döviz Fon
KRV;Döviz Fon, Kar Payı Ödeyen Fonlar (Döviz)
KSA;Kısa Vadeli
KSC;Döviz Fon, Serbest Katılım Döviz Fonlar, Serbest Katılım Fonları, Serbest Özel Fonlar, Özel Fon
KSK;Para Piyasası
KSL;Döviz Fon, Serbest Katılım Döviz Fonlar, Serbest Katılım Fonları
KSM;Döviz Fon, Serbest Katılım Döviz Fonlar, Serbest Katılım Fonları
KSP;Döviz Fon, Kar Payı Ödeyen Fonlar (Döviz)
KSR;Sürdürülebilirlik, Tematik
KST;Hisse Senedi Yoğun, Katılım Hisse, Yerli Hisse
KSV;Kısa Vadeli, Serbest Katılım Fonları
KSY;Serbest Özel Fonlar, Özel Fon
KTE;Döviz Fon, Kira Sertifikaları - Döviz, Serbest Katılım Döviz Fonlar, Serbest Katılım Fonları, Serbest Özel Fonlar, Özel Fon
KTI;Hisse Senedi Yoğun, Katılım Hisse, Yerli Hisse
KTJ;Teknoloji, Tematik
KTM;K.D.
KTN;Kira Sertifikaları
KTR;Serbest Katılım Fonları
KTS;Hisse Senedi Yoğun, Katılım Hisse, Serbest Hisse, Serbest Katılım Fonları, Serbest Katılım Hisse, Yerli Hisse
KTT;Döviz Fon, Serbest Katılım Döviz Fonlar, Serbest Katılım Fonları
KTU;Serbest Katılım Fonları, Serbest Özel Fonlar, Özel Fon
KTV;Kira Sertifikaları, Kira Sertifikaları - Kısa Vadeli, Kısa Vadeli
KU3;K.D.
KUA;K.D.
KUB;Döviz Fon
KUD;K.D.
KUP;Döviz Fon, Kar Payı Ödeyen Fonlar (Döviz)
KUT;K.D.
KVA;Kısa Vadeli, Serbest Katılım Fonları, Serbest Özel Fonlar, Özel Fon
KVK;Serbest Katılım Fonları, Serbest İstatistiksel Arbitraj Fonları
KVR;Kısa Vadeli, Serbest Katılım Fonları
KVS;Kısa Vadeli
KVT;Hisse Senedi Yoğun, Yerli Hisse
KYA;Hisse Senedi Yoğun, Yerli Hisse
KYR;Hisse Senedi Yoğun, Serbest Hisse, Yerli Hisse
KYS;Döviz Fon
KZL;Altın Fonları, Emtia Fonları
KZO;Hisse Senedi Yoğun, Serbest Hisse, Serbest Özel Fonlar, Yerli Hisse, Özel Fon
KZU;Altın Fonları, Emtia Fonları
LAI;Hisse Senedi Yoğun, Serbest Hisse, Yerli Hisse
LET;Döviz Fon, Serbest Özel Fonlar, Özel Fon
LFD;Hisse Senedi Yoğun, Serbest Hisse, Serbest Özel Fonlar, Yerli Hisse, Özel Fon
LGK;Serbest Özel Fonlar, Özel Fon
LGO;Hisse Senedi Yoğun, Serbest Hisse, Yerli Hisse
LHM;Döviz Fon, Serbest Özel Fonlar, Özel Fon
LHP;Döviz Fon
LKF;Altın Fonları, Emtia Fonları
LKT;Para Piyasası
LLA;Hisse Senedi Yoğun, Serbest Hisse, Yerli Hisse
LPH;Hisse Senedi Yoğun, Serbest İstatistiksel Arbitraj Fonları
LTC;Hisse Senedi Yoğun, Serbest İstatistiksel Arbitraj Fonları
LTL;Hisse Senedi Yoğun, Yerli Hisse
LZV;Hisse Senedi Yoğun, Serbest Hisse, Serbest Özel Fonlar, Yerli Hisse, Özel Fon
MAC;Hisse Senedi Yoğun, Yerli Hisse
MAD;K.D.
MAS;Hisse Senedi Yoğun, Serbest Hisse, Yerli Hisse
MAV;Döviz Fon, Serbest Özel Fonlar, Özel Fon
MBL;K.D.
MBR;K.D.
MCU;Hisse Senedi Yoğun, Mutlak Getiri Hedefli
MD1;K.D.
MD2;K.D.
MDF;Emtia Fonları
MET;Teknoloji, Tematik
MGB;Hisse Senedi Yoğun, Mutlak Getiri Hedefli
MGD;Hisse Senedi Yoğun, Serbest Hisse, Serbest Özel Fonlar, Yerli Hisse, Özel Fon
MGE;Hisse Senedi Yoğun, Mutlak Getiri Hedefli
MGH;Hisse Senedi Yoğun, Mutlak Getiri Hedefli
MHF;Endeks Temalı Fonlar, Hisse Senedi Yoğun, Tematik Hisse, Yerli Hisse
MJB;K.D.
MJE;Döviz Fon, Serbest Katılım Döviz Fonlar, Serbest Katılım Fonları
MJG;Emtia Fonları, Gümüş Fonları
MJH;K.D.
MJL;Döviz Fon
MKA;Hisse Senedi Yoğun, Katılım Hisse, Yerli Hisse
MKG;Altın Fonları, Emtia Fonları
MKL;Döviz Fon, Serbest Özel Fonlar, Özel Fon
MLS;Serbest Özel Fonlar, Özel Fon
MLT;Hisse Senedi Yoğun, Serbest Hisse, Yerli Hisse
MMH;Endeks Temalı Fonlar, Hisse Senedi Yoğun, Tematik Hisse, Yerli Hisse
MOD;Döviz Fon, Serbest Özel Fonlar, Özel Fon
MOZ;K.D.
MP2;Hisse Senedi Yoğun, Serbest Hisse, Yerli Hisse
MP4;Hisse Senedi Yoğun, Serbest Hisse, Yerli Hisse
MPD;Döviz Fon
MPE;Para Piyasası
MPF;Kira Sertifikaları, Kira Sertifikaları - Kısa Vadeli, Kısa Vadeli
MPI;Serbest İstatistiksel Arbitraj Fonları
MPK;Kira Sertifikaları
MPL;Para Piyasası
MPN;Döviz Fon
MPP;K.D.
MPS;Hisse Senedi Yoğun, Katılım Hisse, Yerli Hisse
MRI;K.D.
MSK;Serbest Özel Fonlar, Özel Fon
MSO;Döviz Fon, Serbest Özel Fonlar, Özel Fon
MT1;Döviz Fon
MT2;Para Piyasası, Serbest Para Piyasası Fonları
MT5;Hisse Senedi Yoğun, Serbest Hisse, Yerli Hisse
MT6;Hisse Senedi Yoğun, Serbest Hisse, Yerli Hisse
MT7;Hisse Senedi Yoğun, Serbest Hisse, Yerli Hisse
MT8;Hisse Senedi Yoğun, Serbest Hisse, Yerli Hisse
MT9;Hisse Senedi Yoğun, Serbest Hisse, Yerli Hisse
MTD;Teknoloji, Tematik
MTE;Hisse Senedi Yoğun, Serbest Hisse, Yerli Hisse
MTF;Hisse Senedi Yoğun, Serbest İstatistiksel Arbitraj Fonları
MTG;Hisse Senedi Yoğun, Mutlak Getiri Hedefli
MTH;Hisse Senedi Yoğun, Yerli Hisse
MTI;Serbest Özel Fonlar, Özel Fon
MTK;Hisse Senedi Yoğun, Katılım Hisse, Yerli Hisse
MTL;Mutlak Getiri Hedefli
MTS;Sürdürülebilirlik, Tarım - Gıda, Tematik
MTU;Hisse Senedi Yoğun, Serbest Hisse, Yerli Hisse
MTV;Teknoloji, Tematik
MTX;K.D.
MUT;Hisse Senedi Yoğun, Mutlak Getiri Hedefli
NAK;Altın Fonları, Emtia Fonları
NAU;Altın Fonları, Emtia Fonları
NAV;Hisse Senedi Yoğun, Serbest Hisse, Yerli Hisse
NBH;K.D.
NBO;K.D.
NBZ;Döviz Fon
NCS;Döviz Fon
NCU;Döviz Fon
NDL;Hisse Senedi Yoğun, Serbest Hisse, Serbest Özel Fonlar, Yerli Hisse, Özel Fon
NES;Serbest Özel Fonlar, Özel Fon
NFF;K.D.
NFH;Hisse Senedi Yoğun, Serbest Hisse, Yerli Hisse
NFK;Hisse Senedi Yoğun, Serbest Hisse, Yerli Hisse
NHP;K.D.
NHT;Döviz Fon, Serbest Özel Fonlar, Özel Fon
NHV;Serbest Özel Fonlar, Özel Fon
NHY;Hisse Senedi Yoğun, Yerli Hisse
NIS;Serbest İstatistiksel Arbitraj Fonları
NJF;Altın Fonları, Emtia Fonları
NJR;K.D.
NJY;K.D.
NKA;Döviz Fon, Serbest Katılım Döviz Fonlar, Serbest Katılım Fonları
NKC;Hisse Senedi Yoğun, Yerli Hisse
NKH;Hisse Senedi Yoğun, Serbest Hisse, Yerli Hisse
NKJ;Serbest Özel Fonlar, Özel Fon
NKL;Kısa Vadeli
NKM;Hisse Senedi Yoğun, Katılım Hisse, Yerli Hisse
NKP;Kar Payı Ödeyen Fonlar
NKT;Hisse Senedi Yoğun, Katılım Hisse, Yerli Hisse
NKV;Serbest Katılım Fonları, Serbest Özel Fonlar, Özel Fon
NLC;Döviz Fon
NLD;Döviz Fon, Serbest Özel Fonlar, Özel Fon
NLE;Hisse Senedi Yoğun, Tematik Hisse, Yerli Hisse
NLK;Kısa Vadeli
NME;Döviz Fon, Serbest Katılım Döviz Fonlar, Serbest Katılım Fonları
NMU;Hisse Senedi Yoğun, Mutlak Getiri Hedefli
NNF;Hisse Senedi Yoğun, Yerli Hisse
NOI;Serbest İstatistiksel Arbitraj Fonları
NOV;Hisse Senedi Yoğun, Serbest Hisse, Serbest Özel Fonlar, Yerli Hisse, Özel Fon
NPH;Hisse Senedi Yoğun, Yerli Hisse
NPK;Serbest Özel Fonlar, Özel Fon
NRC;K.D.
NRG;Para Piyasası
NRM;Döviz Fon
NSA;Para Piyasası, Serbest Katılım Fonları, Serbest Para Piyasası Fonları
NSD;Döviz Fon
NSH;Hisse Senedi Yoğun, Serbest İstatistiksel Arbitraj Fonları
NSK;K.D.
NSP;Para Piyasası
NSS;Döviz Fon, Kar Payı Ödeyen Fonlar (Döviz), Serbest Özel Fonlar, Özel Fon
NST;Hisse Senedi Yoğun, Tematik Hisse, Yerli Hisse
NSY;K.D.
NTB;Serbest Özel Fonlar, Özel Fon
NTD;Hisse Senedi Yoğun, Serbest Hisse, Serbest Özel Fonlar, Yerli Hisse, Özel Fon
NTI;Teknoloji, Tematik
NTO;Döviz Fon, Serbest Özel Fonlar, Özel Fon
NUB;Döviz Fon
NUG;Döviz Fon
NUH;Hisse Senedi Yoğun, Yerli Hisse
NVB;Para Piyasası
NVC;K.D.
NVK;Döviz Fon, Serbest Katılım Döviz Fonlar, Serbest Katılım Fonları
NVP;Döviz Fon, Serbest Özel Fonlar, Özel Fon
NVT;K.D.
NVZ;Döviz Fon
NYH;Döviz Fon, Serbest Özel Fonlar, Özel Fon
NZH;K.D.
NZT;Para Piyasası, Serbest Para Piyasası Fonları
NZU;Döviz Fon, Serbest Katılım Döviz Fonlar, Serbest Katılım Fonları
OAB;Döviz Fon, Serbest Özel Fonlar, Özel Fon
OBI;K.D.
OBN;Döviz Fon
OBP;K.D.
OBR;Döviz Fon
OCM;Döviz Fon, Serbest Özel Fonlar, Özel Fon
OCN;Döviz Fon, Serbest Özel Fonlar, Özel Fon
OCT;Döviz Fon, Serbest Özel Fonlar, Özel Fon
ODD;K.D.
ODG;K.D.
ODN;Döviz Fon
ODP;K.D.
ODS;Döviz Fon
ODV;K.D.
OFA;Döviz Fon, Serbest Katılım Döviz Fonlar, Serbest Katılım Fonları
OFB;Serbest İstatistiksel Arbitraj Fonları
OFI;K.D.
OFK;Döviz Fon, Serbest Katılım Döviz Fonlar, Serbest Katılım Fonları
OFO;Döviz Fon, Serbest Özel Fonlar, Özel Fon
OFS;K.D.
OGD;Altın Fonları, Emtia Fonları
OGF;Özel Fon
OGV;Döviz Fon, Serbest Özel Fonlar, Özel Fon
OHB;Hisse Senedi Yoğun, Yerli Hisse
OHI;Hisse Senedi Yoğun, Serbest Hisse, Yerli Hisse
OHK;Hisse Senedi Yoğun, Katılım Hisse, Yerli Hisse
OIL;Altın Fonları, Emtia Fonları
OIR;K.D.
OIS;Serbest Özel Fonlar, Özel Fon
OJB;Döviz Fon
OJH;Hisse Senedi Yoğun, Serbest Hisse, Yerli Hisse
OJK;Altın Fonları, Emtia Fonları
OJT;Teknoloji, Tematik
OJU;Döviz Fon, Serbest Özel Fonlar, Özel Fon
OJY;Döviz Fon, Serbest Özel Fonlar, Özel Fon
OKD;K.D.
OKF;Kar Payı Ödeyen Fonlar
OKP;Kısa Vadeli, Kısa Vadeli Borçlanma Araçları
OKT;K.D.
OLA;Döviz Fon
OLD;Sürdürülebilirlik, Tematik
OLE;K.D.
OMB;Döviz Fon, Serbest Özel Fonlar, Özel Fon
OMC;Döviz Fon, Serbest Özel Fonlar, Özel Fon
OMG;Hisse Senedi Yoğun, Yerli Hisse
ONB;Döviz Fon, Serbest Özel Fonlar, Özel Fon
OND;Döviz Fon, Kar Payı Ödeyen Fonlar (Döviz)
ONE;Hisse Senedi Yoğun, Serbest Hisse, Yerli Hisse
ONF;Döviz Fon
ONK;Döviz Fon
ONN;K.D.
ONS;Döviz Fon
ONT;Döviz Fon
ONY;Döviz Fon
OPB;K.D.
OPD;K.D.
OPF;K.D.
OPH;Hisse Senedi Yoğun, Yerli Hisse
OPI;Hisse Senedi Yoğun, Kar Payı Ödeyen Fonlar, Yerli Hisse
OPJ;Para Piyasası
OPL;K.D.
OPZ;Serbest Özel Fonlar, Özel Fon
ORC;K.D.
ORI;Döviz Fon, Serbest Özel Fonlar, Özel Fon
OSD;Borçlanma Araçları - Özel Sektör
OSL;Kısa Vadeli, Kısa Vadeli Borçlanma Araçları
OTE;Döviz Fon, Serbest Özel Fonlar, Özel Fon
OTF;Kira Sertifikaları, Kira Sertifikaları - Kısa Vadeli, Kısa Vadeli
OTJ;K.D.
OTK;Serbest Katılım Fonları
OTM;Tematik
OTZ;Döviz Fon, Serbest Özel Fonlar, Özel Fon
OUD;Döviz Fon
OUN;Döviz Fon
OUR;Döviz Fon
OUY;Döviz Fon, Serbest Özel Fonlar, Özel Fon
OVD;Emtia Fonları
OVR;Döviz Fon, Serbest Özel Fonlar, Özel Fon
OYL;Para Piyasası
OZC;Hisse Senedi Yoğun, Serbest Hisse, Serbest Özel Fonlar, Yerli Hisse, Özel Fon
P1A;Para Piyasası, Serbest Para Piyasası Fonları
PA2;Altın Fonları, Emtia Fonları
PAB;Para Piyasası
PAC;Hisse Senedi Yoğun, Serbest Hisse, Serbest Özel Fonlar, Yerli Hisse, Özel Fon
PAF;Altın Fonları, Emtia Fonları
PAI;Mutlak Getiri Hedefli, Özel Fon
PAL;Döviz Fon
PAO;Hisse Senedi Yoğun, Serbest Hisse, Yerli Hisse
PAU;Döviz Fon
PBF;Serbest Özel Fonlar, Özel Fon
PBH;Hisse Senedi Yoğun, Serbest Hisse, Yerli Hisse
PBI;K.D.
PBK;Döviz Fon, Serbest Katılım Döviz Fonlar, Serbest Katılım Fonları
PBN;Hisse Senedi Yoğun, Serbest Hisse, Yerli Hisse
PBR;K.D.
PBS;Döviz Fon
PBY;Endeks Temalı Fonlar, Hisse Senedi Yoğun, Serbest Hisse, Tematik Hisse, Yerli Hisse
PCE;K.D.
PCH;Hisse Senedi Yoğun, Serbest Hisse, Yerli Hisse
PCN;Döviz Fon
PCS;Hisse Senedi Yoğun, Serbest Hisse, Yerli Hisse
PDC;Hisse Senedi Yoğun, Serbest Hisse, Yerli Hisse
PDD;K.D.
PDE;Serbest Katılım Fonları
PDF;Döviz Fon
PDG;Hisse Senedi Yoğun, Serbest Hisse, Yerli Hisse
PDH;Hisse Senedi Yoğun, Serbest Hisse, Yerli Hisse
PDR;Serbest Özel Fonlar, Sürdürülebilirlik, Tematik, Özel Fon
PEA;Altın Fonları, Emtia Fonları
PFO;K.D.
PFS;K.D.
PGD;K.D.
PGE;Hisse Senedi Yoğun, Serbest Hisse, Yerli Hisse
PGH;Hisse Senedi Yoğun, Serbest Hisse, Yerli Hisse
PGS;Hisse Senedi Yoğun, Yerli Hisse
PHB;Hisse Senedi Yoğun, Serbest Hisse, Yerli Hisse
PHE;Hisse Senedi Yoğun, Yerli Hisse
PHF;Endeks Temalı Fonlar, Hisse Senedi Yoğun, Serbest Hisse, Tematik Hisse, Yerli Hisse
PHI;Hisse Senedi Yoğun, Yerli Hisse
PHK;Hisse Senedi Yoğun, Katılım Hisse, Yerli Hisse
PHN;Hisse Senedi Yoğun, Serbest Hisse, Yerli Hisse
PHS;Hisse Senedi Yoğun, Serbest Hisse, Yerli Hisse
PHY;Hisse Senedi Yoğun, Serbest Hisse, Yerli Hisse
PID;K.D.
PIL;Teknoloji, Tematik
PIP;Para Piyasası, Serbest Para Piyasası Fonları
PIR;Altın Fonları, Emtia Fonları
PIS;Kısa Vadeli
PJL;Para Piyasası
PJP;Döviz Fon
PK1;K.D.
PKD;Serbest Katılım Fonları
PKF;Altın Fonları, Emtia Fonları
PKH;Hisse Senedi Yoğun, Katılım Hisse, Serbest Hisse, Serbest Katılım Fonları, Serbest Katılım Hisse, Yerli Hisse
PKL;Serbest Katılım Fonları
PKM;Para Piyasası
PKN;Hisse Senedi Yoğun, Serbest Hisse, Yerli Hisse
PKP;Para Piyasası, Serbest Katılım Fonları, Serbest Para Piyasası Fonları
PKR;Para Piyasası
PKT;Para Piyasası, Serbest Katılım Fonları, Serbest Para Piyasası Fonları
PKU;Hisse Senedi Yoğun, Serbest Hisse, Yerli Hisse
PKV;Kısa Vadeli
PKZ;Hisse Senedi Yoğun, Serbest Hisse, Yerli Hisse
PLA;Özel Fon
PLR;Para Piyasası
PLS;Döviz Fon, Serbest Özel Fonlar, Özel Fon
PMG;Hisse Senedi Yoğun, Serbest Hisse, Serbest Özel Fonlar, Yerli Hisse, Özel Fon
PMH;Hisse Senedi Yoğun, Serbest Hisse, Yerli Hisse
PMP;Hisse Senedi Yoğun, Serbest Hisse, Yerli Hisse
PNU;Para Piyasası
PO7;Hisse Senedi Yoğun, Serbest Hisse, Yerli Hisse
PO8;Hisse Senedi Yoğun, Serbest Hisse, Yerli Hisse
PO9;Hisse Senedi Yoğun, Serbest Hisse, Yerli Hisse
POB;Hisse Senedi Yoğun, Serbest Hisse, Yerli Hisse
POD;Döviz Fon
POF;Hisse Senedi Yoğun, Serbest Hisse, Yerli Hisse
POH;Hisse Senedi Yoğun, Serbest Hisse, Serbest Özel Fonlar, Yerli Hisse, Özel Fon
POI;Hisse Senedi Yoğun, Serbest Hisse, Yerli Hisse
POS;Hisse Senedi Yoğun, Serbest Hisse, Yerli Hisse
POU;Hisse Senedi Yoğun, Serbest Hisse, Yerli Hisse
PP1;K.D.
PPB;Hisse Senedi Yoğun, Yerli Hisse
PPD;Hisse Senedi Yoğun, Serbest Hisse, Yerli Hisse
PPE;Döviz Fon
PPG;Para Piyasası
PPH;Endeks Temalı Fonlar, Hisse Senedi Yoğun, Tematik Hisse, Yerli Hisse
PPI;Para Piyasası
PPJ;Para Piyasası, Serbest Para Piyasası Fonları
PPK;Para Piyasası
PPM;Hisse Senedi Yoğun, Mutlak Getiri Hedefli
PPN;Para Piyasası
PPO;Hisse Senedi Yoğun, Serbest Hisse, Yerli Hisse
PPP;Para Piyasası
PPS;K.D.
PPT;Para Piyasası
PPV;Para Piyasası, Serbest Para Piyasası Fonları
PPZ;Para Piyasası
PRD;Para Piyasası
PRF;Döviz Fon, Serbest Özel Fonlar, Özel Fon
PRH;Para Piyasası
PRR;Para Piyasası
PRU;Kısa Vadeli
PRV;Para Piyasası, Serbest Para Piyasası Fonları
PRY;Para Piyasası
PSD;Döviz Fon, Serbest Özel Fonlar, Özel Fon
PSE;Para Piyasası, Serbest Para Piyasası Fonları
PSH;Hisse Senedi Yoğun, Tematik Hisse, Yerli Hisse
PSL;K.D.
PSO;Serbest Özel Fonlar, Özel Fon
PSR;Hisse Senedi Yoğun, Serbest Hisse, Yerli Hisse
PST;Hisse Senedi Yoğun, Serbest Hisse, Yerli Hisse
PTC;Döviz Fon
PTE;Para Piyasası, Serbest Para Piyasası Fonları
PTF;K.D.
PTG;Döviz Fon, Serbest Özel Fonlar, Özel Fon
PTL;Para Piyasası
PTN;Altın Fonları, Emtia Fonları
PTO;Hisse Senedi Yoğun, Kar Payı Ödeyen Fonlar, Yerli Hisse
PTP;Para Piyasası
PTS;Para Piyasası, Serbest Para Piyasası Fonları
PUA;Serbest Özel Fonlar, Özel Fon
PUC;Kısa Vadeli
PUH;Hisse Senedi Yoğun, Serbest Hisse, Yerli Hisse
PUK;Hisse Senedi Yoğun, Katılım Hisse, Yerli Hisse
PUR;Para Piyasası, Serbest Para Piyasası Fonları
PUT;Serbest Özel Fonlar, Özel Fon
PUV;Döviz Fon, Serbest Özel Fonlar, Özel Fon
PVK;Kısa Vadeli, Serbest Katılım Fonları
PYB;Para Piyasası
PYD;Hisse Senedi Yoğun, Serbest Hisse, Yerli Hisse
PYF;Serbest Özel Fonlar, Özel Fon
PYH;Serbest Katılım Fonları
PYI;Hisse Senedi Yoğun, Serbest Hisse, Yerli Hisse
PYR;Hisse Senedi Yoğun, Serbest Hisse, Yerli Hisse
PYS;Döviz Fon, Serbest Özel Fonlar, Özel Fon
RAF;K.D.
RAI;Hisse Senedi Yoğun, Serbest Hisse, Serbest Özel Fonlar, Yerli Hisse, Özel Fon
RAN;Döviz Fon, Serbest Özel Fonlar, Özel Fon
RAY;Serbest Özel Fonlar, Özel Fon
RBA;Altın Fonları, Emtia Fonları
RBB;K.D.
RBF;K.D.
RBH;Hisse Senedi Yoğun, Katılım Hisse, Yerli Hisse
RBI;Döviz Fon
RBK;K.D.
RBL;Blockchain, Teknoloji, Tematik
RBN;Hisse Senedi Yoğun, Serbest Hisse, Yerli Hisse
RBP;Para Piyasası
RBR;Serbest Katılım Fonları
RBT;Kira Sertifikaları
RBV;Kira Sertifikaları, Kira Sertifikaları - Kısa Vadeli, Kısa Vadeli
RCL;Döviz Fon, Serbest Özel Fonlar, Özel Fon
RCS;Serbest Özel Fonlar, Özel Fon
RCV;K.D.
RD1;K.D.
RDF;Hisse Senedi Yoğun, Serbest Hisse, Yerli Hisse
RDH;Hisse Senedi Yoğun, Serbest Hisse, Yerli Hisse
RDK;Hisse Senedi Yoğun, Serbest Hisse, Serbest Özel Fonlar, Yerli Hisse, Özel Fon
RDT;K.D.
RDZ;Döviz Fon
RE6;Hisse Senedi Yoğun, Serbest Hisse, Yerli Hisse
RE7;Hisse Senedi Yoğun, Serbest Hisse, Yerli Hisse
RE8;Hisse Senedi Yoğun, Serbest Hisse, Yerli Hisse
RFM;K.D.
RGD;K.D.
RGH;Hisse Senedi Yoğun, Mutlak Getiri Hedefli
RHI;Hisse Senedi Yoğun, Yerli Hisse
RHS;Hisse Senedi Yoğun, Yerli Hisse
RIA;Hisse Senedi Yoğun, Serbest İstatistiksel Arbitraj Fonları
RIH;Hisse Senedi Yoğun, Serbest Hisse, Yerli Hisse
RIK;K.D.
RJG;Altın Fonları, Emtia Fonları
RKC;K.D.
RKH;Hisse Senedi Yoğun, Katılım Hisse, Serbest Hisse, Serbest Katılım Fonları, Serbest Katılım Hisse, Yerli Hisse
RKL;Serbest Özel Fonlar, Özel Fon
RKS;Kira Sertifikaları
RKV;Kısa Vadeli, Serbest Katılım Fonları
RLH;K.D.
RO1;Para Piyasası, Serbest Para Piyasası Fonları
ROD;Döviz Fon, Serbest Özel Fonlar, Özel Fon
ROF;Hisse Senedi Yoğun, Serbest Hisse, Yerli Hisse
ROY;Serbest Katılım Fonları
RPC;Sürdürülebilirlik, Tematik
RPD;K.D.
RPG;Altın Fonları, Emtia Fonları
RPI;Hisse Senedi Yoğun, Katılım Hisse, Yerli Hisse
RPK;Döviz Fon, Kar Payı Ödeyen Fonlar (Döviz), Serbest Özel Fonlar, Özel Fon
RPL;K.D.
RPM;Sağlık - İlaç, Teknoloji, Tematik
RPN;K.D.
RPO;Serbest Özel Fonlar, Özel Fon
RPP;Para Piyasası
RPS;Döviz Fon
RPT;K.D.
RPU;Kısa Vadeli, Serbest Katılım Fonları
RPX;Döviz Fon
RRA;Para Piyasası, Serbest Para Piyasası Fonları
RRP;Para Piyasası
RS1;Kısa Vadeli
RSF;Serbest İstatistiksel Arbitraj Fonları
RSK;K.D.
RSZ;Hisse Senedi Yoğun, Serbest Hisse, Yerli Hisse
RTA;Hisse Senedi Yoğun, Serbest Hisse, Yerli Hisse
RTD;Teknoloji, Tematik
RTG;Teknoloji, Tematik
RTH;Hisse Senedi Yoğun, Serbest Hisse, Yerli Hisse
RTI;Kısa Vadeli, Serbest Katılım Fonları
RTP;K.D.
RUH;Hisse Senedi Yoğun, Serbest Hisse, Yerli Hisse
RUT;Teknoloji, Tematik
RVS;Hisse Senedi Yoğun, Serbest Hisse, Yerli Hisse
RYA;Hisse Senedi Yoğun, Serbest Hisse, Serbest Özel Fonlar, Yerli Hisse, Özel Fon
RYB;Döviz Fon
RYF;Hisse Senedi Yoğun, Serbest Hisse, Yerli Hisse
RYU;Döviz Fon
RZR;Serbest Özel Fonlar, Özel Fon
SAP;Para Piyasası
SAR;Döviz Fon, Serbest Özel Fonlar, Özel Fon
SAS;Hisse Senedi Yoğun, Holding, Tematik Hisse, Yerli Hisse
SAT;Hisse Senedi Yoğun, Serbest Hisse, Serbest Özel Fonlar, Yerli Hisse, Özel Fon
SBH;Hisse Senedi Yoğun, Serbest Hisse, Yerli Hisse
SBS;Döviz Fon, Serbest Özel Fonlar, Özel Fon
SD1;K.D.
SDA;Döviz Fon
SEH;Hisse Senedi Yoğun, Serbest Hisse, Tematik Hisse, Yerli Hisse
SER;Döviz Fon
SFS;K.D.
SGT;Teknoloji, Tematik
SHC;K.D.
SHE;K.D.
SHI;Hisse Senedi Yoğun, Serbest Hisse, Yerli Hisse
SHU;Hisse Senedi Yoğun, Serbest Hisse, Yerli Hisse
SIA;Hisse Senedi Yoğun, Serbest İstatistiksel Arbitraj Fonları
SIS;Hisse Senedi Yoğun, Serbest Hisse, Yerli Hisse
SJP;Döviz Fon, Kar Payı Ödeyen Fonlar (Döviz)
SKL;Para Piyasası
SKO;Hisse Senedi Yoğun, Kar Payı Ödeyen Fonlar, Yerli Hisse
SKS;Döviz Fon, Serbest Özel Fonlar, Özel Fon
SKT;Kısa Vadeli, Kısa Vadeli Borçlanma Araçları
SKZ;K.D.
SLF;Para Piyasası
SLG;Hisse Senedi Yoğun, Yerli Hisse
SLR;Serbest Özel Fonlar, Özel Fon
SMP;Kar Payı Ödeyen Fonlar, Serbest Özel Fonlar, Özel Fon
SNY;Hisse Senedi Yoğun, Serbest Hisse, Tematik Hisse, Yerli Hisse
SOS;Sağlık - İlaç, Tematik
SPA;Döviz Fon
SPD;Döviz Fon, Serbest Özel Fonlar, Özel Fon
SPE;Döviz Fon
SPN;Hisse Senedi Yoğun, Serbest İstatistiksel Arbitraj Fonları
SPP;Para Piyasası
SPR;K.D.
SPT;K.D.
SRA;Serbest Özel Fonlar, Özel Fon
SRE;Döviz Fon, Serbest Özel Fonlar, Özel Fon
SRL;Hisse Senedi Yoğun, Sürdürülebilirlik, Tematik Hisse, Yerli Hisse
SRO;Hisse Senedi Yoğun, Serbest Hisse, Serbest Özel Fonlar, Yerli Hisse, Özel Fon
SSD;Döviz Fon, Serbest Özel Fonlar, Özel Fon
SSK;Sağlık - İlaç, Tematik
SSN;Döviz Fon, Serbest Özel Fonlar, Özel Fon
SSO;Serbest Özel Fonlar, Özel Fon
SSS;Hisse Senedi Yoğun, Yerli Hisse
SST;Serbest İstatistiksel Arbitraj Fonları
ST1;Hisse Senedi Yoğun, Yerli Hisse
STI;K.D.
STS;Döviz Fon
STZ;Hisse Senedi Yoğun, Serbest Hisse, Yerli Hisse
SUA;K.D.
SUB;K.D.
SUC;K.D.
SUR;Hisse Senedi Yoğun, Sürdürülebilirlik, Tematik Hisse, Yerli Hisse
SVB;K.D.
SVS;Serbest Özel Fonlar, Özel Fon
SVY;Hisse Senedi Yoğun, Serbest Hisse, Serbest Özel Fonlar, Yerli Hisse, Özel Fon
SYF;Hisse Senedi Yoğun, Serbest Hisse, Serbest Özel Fonlar, Yerli Hisse, Özel Fon
SYL;Hisse Senedi Yoğun, Serbest Hisse, Serbest Özel Fonlar, Yerli Hisse, Özel Fon
SYR;Döviz Fon
SYS;Döviz Fon, Kar Payı Ödeyen Fonlar (Döviz)
T3B;Hisse Senedi Yoğun, Serbest Hisse, Yerli Hisse
TAL;Altın Fonları, Emtia Fonları
TAO;Özel Fon
TAR;Tarım - Gıda, Teknoloji, Tematik
TAU;Bankacılık, Endeks Temalı Fonlar, Hisse Senedi Yoğun, Tematik Hisse, Yerli Hisse
TAZ;Hisse Senedi Yoğun, Serbest Hisse, Serbest Özel Fonlar, Yerli Hisse, Özel Fon
TB9;Döviz Fon
TBP;Özel Fon
TBT;K.D.
TBV;Borçlanma Araçları - Özel Sektör
TCA;Altın Fonları, Emtia Fonları
TCB;Para Piyasası
TCC;Döviz Fon
TCD;K.D.
TCF;K.D.
TCG;Hisse Senedi Yoğun, Serbest Hisse, Serbest Özel Fonlar, Yerli Hisse, Özel Fon
TCI;Serbest İstatistiksel Arbitraj Fonları
TCS;Hisse Senedi Yoğun, Serbest Hisse, Yerli Hisse
TDG;Yabancı Fonlar
TDP;Döviz Fon
TE3;Mutlak Getiri Hedefli
TE4;K.D.
TEJ;Teknoloji, Tematik
TFE;Özel Fon
TFF;Teknoloji, Tematik, Yabancı BYF Sepetleri, Yabancı Fonlar
TFU;K.D.
TGA;K.D.
TGE;Emtia Fonları, Yabancı BYF Sepetleri, Yabancı Fonlar
TGN;Para Piyasası, Serbest Para Piyasası Fonları, Serbest Özel Fonlar, Özel Fon
TGR;Tematik
TGT;Kısa Vadeli, Kısa Vadeli Borçlanma Araçları
TGV;Hisse Senedi Yoğun, Serbest Hisse, Serbest Özel Fonlar, Yerli Hisse, Özel Fon
THD;Hisse Senedi Yoğun, Yerli Hisse
THF;Hisse Senedi Yoğun, Yerli Hisse
THG;Serbest Özel Fonlar, Özel Fon
THH;Hisse Senedi Yoğun, Serbest Hisse, Serbest Özel Fonlar, Yerli Hisse, Özel Fon
THO;Döviz Fon
THS;Döviz Fon, Serbest Özel Fonlar, Özel Fon
THT;Hisse Senedi Yoğun, Serbest Hisse, Yerli Hisse
THV;Hisse Senedi Yoğun, Serbest Hisse, Yerli Hisse
TI1;Para Piyasası
TI2;Hisse Senedi Yoğun, Yerli Hisse
TI3;Endeks Temalı Fonlar, Hisse Senedi Yoğun, Holding, Tematik Hisse, Yerli Hisse
TI4;K.D.
TI6;K.D.
TI7;K.D.
TIE;Endeks Temalı Fonlar, Hisse Senedi Yoğun, Tematik Hisse, Yerli Hisse
TIL;Hisse Senedi Yoğun, Katılım Hisse, Yerli Hisse
TIP;Döviz Fon, Serbest Özel Fonlar, Özel Fon
TIV;Kısa Vadeli, Kısa Vadeli Borçlanma Araçları
TJB;Serbest Özel Fonlar, Özel Fon
TJF;Sürdürülebilirlik, Tematik
TJI;K.D.
TJL;Hisse Senedi Yoğun, Serbest Hisse, Serbest Özel Fonlar, Yerli Hisse, Özel Fon
TJT;Döviz Fon
TKF;Hisse Senedi Yoğun, Yerli Hisse
TKH;Serbest Özel Fonlar, Özel Fon
TKK;Özel Fon
TKM;Para Piyasası
TLE;Yabancı Fonlar
TLH;Hisse Senedi Yoğun, Yerli Hisse
TLK;Para Piyasası
TLT;Döviz Fon, Serbest Özel Fonlar, Özel Fon
TLU;Döviz Fon
TLV;Para Piyasası
TLY;K.D.
TLZ;Hisse Senedi Yoğun, Katılım Hisse, Yerli Hisse
TMC;K.D.
TMG;Yabancı Fonlar, Yabancı Hisse
TMM;Döviz Fon
TMR;Serbest Özel Fonlar, Özel Fon
TMU;K.D.
TMZ;Sürdürülebilirlik, Tarım - Gıda, Tematik
TNB;Döviz Fon, Kar Payı Ödeyen Fonlar (Döviz), Serbest Özel Fonlar, Özel Fon
TND;K.D.
TNF;Serbest Özel Fonlar, Özel Fon
TNH;Serbest Özel Fonlar, Özel Fon
TNI;Özel Fon
TNK;Kısa Vadeli, Kısa Vadeli Borçlanma Araçları
TO8;Döviz Fon
TOK;Döviz Fon
TOT;Borçlanma Araçları - Özel Sektör
TP1;Döviz Fon, Serbest Özel Fonlar, Özel Fon
TP2;Para Piyasası
TPC;K.D.
TPE;Döviz Fon, Eurobond Borçlanma Araçları, Özel Fon
TPF;K.D.
TPJ;Döviz Fon
TPL;Döviz Fon, Eurobond Borçlanma Araçları
TPO;Borçlanma Araçları - Özel Sektör, Özel Fon
TPP;K.D.
TPR;Hisse Senedi Yoğun, Yerli Hisse, Özel Fon
TPV;K.D.
TPZ;Döviz Fon, Kira Sertifikaları - Döviz
TRJ;K.D.
TRN;Hisse Senedi Yoğun, Serbest Hisse, Serbest Özel Fonlar, Yerli Hisse, Özel Fon
TRO;Altın Fonları, Emtia Fonları
TRU;Döviz Fon, Serbest Katılım Döviz Fonlar, Serbest Katılım Fonları
TSI;Kısa Vadeli, Kısa Vadeli Borçlanma Araçları
TSP;Döviz Fon, Serbest Özel Fonlar, Özel Fon
TTA;Altın Fonları, Emtia Fonları
TTE;Endeks Temalı Fonlar, Hisse Senedi Yoğun, Teknoloji, Tematik Hisse, Yerli Hisse
TTL;K.D.
TTP;Döviz Fon
TTS;Döviz Fon, Serbest Özel Fonlar, Özel Fon
TTV;K.D.
TTZ;Hisse Senedi Yoğun, Serbest Hisse, Serbest Özel Fonlar, Yerli Hisse, Özel Fon
TUA;Altın Fonları, Emtia Fonları
TVE;Tarım - Gıda, Tematik
TVN;K.D.
TYH;Hisse Senedi Yoğun, Yerli Hisse
TZC;Özel Fon
TZD;Hisse Senedi Yoğun, Yerli Hisse
TZH;Serbest Özel Fonlar, Özel Fon
TZL;Para Piyasası
TZP;Serbest Özel Fonlar, Özel Fon
TZT;K.D.
TZV;Kısa Vadeli, Kısa Vadeli Borçlanma Araçları
UAB;Döviz Fon, Serbest Özel Fonlar, Özel Fon
UAP;Döviz Fon, Serbest Özel Fonlar, Özel Fon
UCN;Hisse Senedi Yoğun, Serbest Hisse, Serbest Özel Fonlar, Yerli Hisse, Özel Fon
UCP;Para Piyasası, Serbest Para Piyasası Fonları
UFH;Döviz Fon, Serbest Özel Fonlar, Özel Fon
UHL;Döviz Fon, Serbest Özel Fonlar, Özel Fon
UHS;Hisse Senedi Yoğun, Serbest Hisse, Yerli Hisse
ULH;K.D.
ULL;Döviz Fon, Serbest Özel Fonlar, Özel Fon
UNT;K.D.
UP1;Altın Fonları, Emtia Fonları
UP2;Para Piyasası, Serbest Para Piyasası Fonları
UPD;Döviz Fon
UPH;Hisse Senedi Yoğun, Yerli Hisse
UPP;Para Piyasası
UPS;Serbest Özel Fonlar, Özel Fon
URA;K.D.
URC;Döviz Fon
URD;Döviz Fon, Serbest Katılım Döviz Fonlar, Serbest Katılım Fonları
URG;Döviz Fon, Serbest Özel Fonlar, Özel Fon
URM;Döviz Fon, Serbest Özel Fonlar, Özel Fon
URS;Serbest Özel Fonlar, Özel Fon
URV;Serbest Özel Fonlar, Özel Fon
USS;Serbest Özel Fonlar, Özel Fon
UST;Serbest Özel Fonlar, Özel Fon
USY;K.D.
UZY;Serbest İstatistiksel Arbitraj Fonları
VAY;Hisse Senedi Yoğun, Yerli Hisse
VCY;Elektrikli Araç, Teknoloji, Tematik
VFK;Kira Sertifikaları, Kira Sertifikaları - Kısa Vadeli, Kısa Vadeli
VFO;Altın Fonları, Emtia Fonları
VFS;Serbest Özel Fonlar, Özel Fon
VHS;Hisse Senedi Yoğun, Katılım Hisse, Yerli Hisse
VK6;Para Piyasası
VKI;Kısa Vadeli, Serbest Katılım Fonları
VKK;Kira Sertifikaları
VKT;Kısa Vadeli, Kısa Vadeli Borçlanma Araçları
VKV;Kira Sertifikaları, Kira Sertifikaları - Kısa Vadeli, Kısa Vadeli
VLT;Altın Fonları, Emtia Fonları
VMV;K.D.
VNK;K.D.
VPA;Para Piyasası
VPP;Döviz Fon
VPS;Hisse Senedi Yoğun, Serbest Hisse, Yerli Hisse
VRK;K.D.
VTF;Serbest Özel Fonlar, Özel Fon
VTL;Kira Sertifikaları, Kira Sertifikaları - Kısa Vadeli, Kısa Vadeli
YAC;K.D.
YAE;K.D.
YAK;K.D.
YAN;K.D.
YAR;Özel Fon
YAS;Hisse Senedi Yoğun, Holding, Tematik Hisse, Yerli Hisse
YAY;Teknoloji, Tematik Hisse, Yabancı Fonlar, Yabancı Hisse
YBE;Eurobond Borçlanma Araçları
YBH;Döviz Fon
YBJ;Döviz Fon, Serbest Özel Fonlar, Özel Fon
YBP;Özel Fon
YBR;Döviz Fon
YBS;Borçlanma Araçları - Özel Sektör
YCG;Döviz Fon, Serbest Özel Fonlar, Özel Fon
YCH;Özel Fon
YCK;K.D.
YCP;Bankacılık, Hisse Senedi Yoğun, Serbest Hisse, Tematik Hisse, Yerli Hisse
YCY;K.D.
YDI;Hisse Senedi Yoğun, Yerli Hisse
YDK;Kısa Vadeli, Kısa Vadeli Borçlanma Araçları
YDL;Döviz Fon, Serbest Özel Fonlar, Özel Fon
YDM;Serbest Özel Fonlar, Özel Fon
YDP;K.D.
YDZ;Döviz Fon, Serbest Özel Fonlar, Özel Fon
YEF;Endeks Temalı Fonlar, Hisse Senedi Yoğun, Tematik Hisse, Yerli Hisse
YFV;Kira Sertifikaları
YGM;Emtia Fonları
YHB;Endeks Temalı Fonlar, Hisse Senedi Yoğun, Tematik Hisse, Yerli Hisse
YHI;Hisse Senedi Yoğun, Serbest Hisse, Tematik Hisse, Yerli Hisse
YHK;Hisse Senedi Yoğun, Katılım Hisse, Yerli Hisse
YHP;K.D.
YHS;Hisse Senedi Yoğun, Yerli Hisse
YHT;Kısa Vadeli, Kısa Vadeli Borçlanma Araçları
YHY;Hisse Senedi Yoğun, Serbest Hisse, Yerli Hisse
YHZ;Endeks Temalı Fonlar, Hisse Senedi Yoğun, Teknoloji, Tematik Hisse, Yerli Hisse
YIK;Para Piyasası, Serbest Para Piyasası Fonları
YIS;Serbest Özel Fonlar, Özel Fon
YIT;Teknoloji, Tematik
YIV;Özel Fon
YJA;Döviz Fon, Serbest Özel Fonlar, Özel Fon
YJH;Sürdürülebilirlik, Tematik
YJK;Teknoloji, Tematik
YJU;Döviz Fon, Serbest Özel Fonlar, Özel Fon
YJY;Döviz Fon
YKS;K.D.
YKT;Altın Fonları, Emtia Fonları
YLB;Para Piyasası
YLC;Tarım - Gıda, Tematik
YLE;Endeks Temalı Fonlar, Hisse Senedi Yoğun, Sürdürülebilirlik, Tematik Hisse, Yerli Hisse
YLO;Elektrikli Araç, Teknoloji, Tematik
YLR;Döviz Fon, Serbest Özel Fonlar, Özel Fon
YLY;Hisse Senedi Yoğun, Kar Payı Ödeyen Fonlar, Yerli Hisse
YLZ;Hisse Senedi Yoğun, Serbest Hisse, Yerli Hisse
YMD;Döviz Fon
YMH;Hisse Senedi Yoğun, Mutlak Getiri Hedefli
YMP;Para Piyasası, Özel Fon
YNK;Döviz Fon, Kar Payı Ödeyen Fonlar (Döviz)
YNL;Döviz Fon, Serbest Özel Fonlar, Özel Fon
YOA;Döviz Fon, Özel Fon
YOS;Döviz Fon, Serbest Özel Fonlar, Özel Fon
YOT;K.D.
YOZ;Döviz Fon
YP1;Döviz Fon, Serbest Özel Fonlar, Özel Fon
YP2;Döviz Fon, Serbest Özel Fonlar, Özel Fon
YP4;Döviz Fon
YPC;Sürdürülebilirlik, Tematik
YPD;Döviz Fon, Serbest Özel Fonlar, Özel Fon
YPF;K.D.
YPI;Döviz Fon, Serbest Özel Fonlar, Özel Fon
YPK;K.D.
YPL;Döviz Fon
YPN;Döviz Fon
YPP;Serbest Özel Fonlar, Özel Fon
YPR;Hisse Senedi Yoğun, Yerli Hisse
YPT;Para Piyasası, Serbest Para Piyasası Fonları
YPU;Döviz Fon
YPV;K.D.
YRZ;Döviz Fon, Kar Payı Ödeyen Fonlar (Döviz)
YSA;Döviz Fon
YSF;Döviz Fon, Serbest Özel Fonlar, Özel Fon
YSH;K.D.
YSL;Döviz Fon, Kar Payı Ödeyen Fonlar (Döviz), Kira Sertifikaları - Döviz, Serbest Katılım Döviz Fonlar, Serbest Katılım Fonları
YSO;Sağlık - İlaç, Tematik
YSU;K.D.
YTC;Döviz Fon
YTD;Yabancı Fonlar
YTJ;Döviz Fon, Serbest Özel Fonlar, Özel Fon
YTO;Döviz Fon, Serbest Özel Fonlar, Özel Fon
YTR;Döviz Fon, Serbest Özel Fonlar, Özel Fon
YTV;Tarım - Gıda, Tematik
YTY;Döviz Fon
YUB;Hisse Senedi Yoğun, Serbest Hisse, Yerli Hisse
YUD;Döviz Fon, Serbest Özel Fonlar, Özel Fon
YUI;Serbest Özel Fonlar, Özel Fon
YUK;Döviz Fon, Kar Payı Ödeyen Fonlar (Döviz)
YUN;Döviz Fon
YUY;Kar Payı Ödeyen Fonlar, Serbest Özel Fonlar, Özel Fon
YVB;Uzun Vadeli Borçlanma Araçları
YVD;Para Piyasası
YVF;Döviz Fon, Serbest Özel Fonlar, Özel Fon
YVG;Döviz Fon
YVO;Döviz Fon, Serbest Özel Fonlar, Özel Fon
YVS;Döviz Fon, Serbest Özel Fonlar, Özel Fon
YZC;Blockchain, Teknoloji, Tematik
YZF;Döviz Fon, Serbest Özel Fonlar, Özel Fon
YZG;Emtia Fonları, Gümüş Fonları
YZH;Bankacılık, Endeks Temalı Fonlar, Hisse Senedi Yoğun, Tematik Hisse, Yerli Hisse
YZK;K.D.
YZL;Serbest Özel Fonlar, Özel Fon
YZT;Teknoloji, Tematik
ZA2;Para Piyasası
ZAD;Serbest Katılım Fonları
ZAV;Döviz Fon
ZAY;Para Piyasası
ZBD;K.D.
ZBI;K.D.
ZBJ;Para Piyasası
ZBN;Hisse Senedi Yoğun, Serbest Hisse, Yerli Hisse
ZBO;Hisse Senedi Yoğun, Mutlak Getiri Hedefli
ZBZ;Döviz Fon, Serbest Özel Fonlar, Özel Fon
ZCA;Serbest Özel Fonlar, Özel Fon
ZCB;Döviz Fon, Serbest Özel Fonlar, Özel Fon
ZCC;Döviz Fon, Serbest Özel Fonlar, Özel Fon
ZCD;K.D.
ZCE;Altın Fonları, Emtia Fonları, Serbest Özel Fonlar, Özel Fon
ZCF;Serbest Özel Fonlar, Özel Fon
ZCH;Serbest Özel Fonlar, Özel Fon
ZCK;K.D.
ZCN;Emtia Fonları
ZDD;K.D.
ZDK;Döviz Fon, Serbest Katılım Döviz Fonlar, Serbest Katılım Fonları, Serbest Özel Fonlar, Özel Fon
ZDZ;K.D.
ZFB;Blockchain, Teknoloji, Tematik
ZFZ;Döviz Fon, Serbest Özel Fonlar, Özel Fon
ZHH;Hisse Senedi Yoğun, Sürdürülebilirlik, Tematik Hisse, Yerli Hisse
ZJB;K.D.
ZJH;Döviz Fon, Serbest Özel Fonlar, Özel Fon
ZJI;K.D.
ZJL;Endeks Temalı Fonlar, Hisse Senedi Yoğun, Tematik Hisse, Yerli Hisse
ZJR;Hisse Senedi Yoğun, Serbest Hisse, Serbest Özel Fonlar, Yerli Hisse, Özel Fon
ZJT;Döviz Fon, Serbest Özel Fonlar, Özel Fon
ZJV;Endeks Temalı Fonlar, Hisse Senedi Yoğun, Tematik Hisse, Yerli Hisse
ZK1;Döviz Fon, Serbest Katılım Döviz Fonlar, Serbest Katılım Fonları
ZK2;Döviz Fon, Serbest Katılım Döviz Fonlar, Serbest Katılım Fonları
ZKK;Döviz Fon, Serbest Katılım Döviz Fonlar, Serbest Katılım Fonları, Serbest Özel Fonlar, Özel Fon
ZLB;Döviz Fon, Serbest Özel Fonlar, Özel Fon
ZLG;Döviz Fon, Serbest Özel Fonlar, Özel Fon
ZLH;Endeks Temalı Fonlar, Hisse Senedi Yoğun, Tematik Hisse, Yerli Hisse
ZMT;Döviz Fon
ZMU;Hisse Senedi Yoğun, Serbest Hisse, Yerli Hisse
ZMY;Teknoloji, Tematik
ZNF;Döviz Fon, Serbest Özel Fonlar, Özel Fon
ZP1;Döviz Fon, Serbest Özel Fonlar, Özel Fon
ZP2;Serbest Özel Fonlar, Serbest İstatistiksel Arbitraj Fonları, Özel Fon
ZP3;Serbest Özel Fonlar, Serbest İstatistiksel Arbitraj Fonları, Özel Fon
ZP6;Döviz Fon, Serbest Katılım Döviz Fonlar, Serbest Katılım Fonları
ZP7;Döviz Fon, Serbest Özel Fonlar, Özel Fon
ZP8;Para Piyasası, Serbest Katılım Fonları, Serbest Para Piyasası Fonları
ZP9;Döviz Fon, Serbest Katılım Döviz Fonlar, Serbest Katılım Fonları
ZPA;Döviz Fon
ZPC;K.D.
ZPE;Hisse Senedi Yoğun, Katılım Hisse, Yerli Hisse
ZPF;Döviz Fon
ZPG;Kira Sertifikaları
ZPH;Para Piyasası, Serbest Katılım Fonları, Serbest Para Piyasası Fonları
ZPJ;Hisse Senedi Yoğun, Katılım Hisse, Serbest Hisse, Serbest Katılım Fonları, Serbest Katılım Hisse, Yerli Hisse
ZPK;Kira Sertifikaları, Kira Sertifikaları - Kısa Vadeli, Kısa Vadeli
ZPN;Döviz Fon, Serbest Özel Fonlar, Özel Fon
ZPO;K.D.
ZPR;Para Piyasası, Serbest Para Piyasası Fonları
ZR2;Serbest Özel Fonlar, Sürdürülebilirlik, Tematik, Özel Fon
ZSB;Serbest İstatistiksel Arbitraj Fonları
ZSF;Yabancı Fonlar, Yabancı Hisse
ZSG;Sürdürülebilirlik, Tematik
ZSK;Döviz Fon, Serbest Katılım Döviz Fonlar, Serbest Katılım Fonları, Serbest Özel Fonlar, Özel Fon
ZSN;Döviz Fon, Serbest Özel Fonlar, Özel Fon
ZTF;Serbest Özel Fonlar, Serbest İstatistiksel Arbitraj Fonları, Özel Fon
ZTG;Tarım - Gıda, Tematik
ZUD;Serbest Özel Fonlar, Özel Fon
ZUE;Serbest Özel Fonlar, Özel Fon
ZUS;Döviz Fon
ZVO;K.D.
ZYC;Serbest Özel Fonlar, Özel Fon
ZYD;Serbest Özel Fonlar, Özel Fon
