fon_kodu;fon_adi;kanal;islem_tipi;tarih;pay_sayisi;fiyat
YAS;YAPI KREDİ PORTFÖY KOÇ HOLDİNG İŞTİRAK VE HİSSE SENEDİ FONU(HİSSE SENEDİ YOĞUN FON);VKF;ALIM;2023-09-21;407,0;9.81484
TI3;İŞ PORTFÖY İŞ BANKASI İŞTİRAKLERİ ENDEKSİ HİSSE SENEDİ (TL) FONU (HİSSE SENEDİ YOĞUN FON);VKF;ALIM;2023-09-21;40000,0;0.0775222669
BID;QNB PORTFÖY BIST 100 DIŞI ŞİRKETLER HİSSE SENEDİ (TL) FONU (HİSSE SENEDİ YOĞUN FON);YKB;ALIM;2023-10-05;916,0;2.186362
GOH;GARANTİ PORTFÖY BIST 100 DIŞI ŞİRKETLER HİSSE SENEDİ FONU (HİSSE SENEDİ YOĞUN FON);YKB;ALIM;2023-10-05;215,0;9.267255
IDH;İŞ PORTFÖY BIST 100 DIŞI ŞİRKETLER HİSSE SENEDİ (TL) FONU (HİSSE SENEDİ YOĞUN FON);YKB;ALIM;2023-10-05;745,0;6.768311
ZJL;ZİRAAT PORTFÖY BIST 100 DIŞI ŞİRKETLER HİSSE SENEDİ FONU (HİSSE SENEDİ YOĞUN FON);YKB;ALIM;2023-10-05;200,0;7.387112
AFA;AK PORTFÖY AMERİKA YABANCI HİSSE SENEDİ FONU;VKF;ALIM;2023-10-09;1610,0;0.403596
AFA;AK PORTFÖY AMERİKA YABANCI HİSSE SENEDİ FONU;VKF;ALIM;2023-10-09;867,0;0.403596
AFT;AK PORTFÖY YENİ TEKNOLOJİLER YABANCI HİSSE SENEDİ FONU;VKF;ALIM;2023-10-09;3497,0;0.285895
YAY;YAPI KREDİ PORTFÖY YABANCI TEKNOLOJİ SEKTÖRÜ HİSSE SENEDİ FONU;YKB;ALIM;2023-10-10;2,0;487.588712
ZDZ;ZİRAAT PORTFÖY AGRESİF DEĞİŞKEN FON;VKF;ALIM;2023-10-11;588,0;8.49884
YAS;YAPI KREDİ PORTFÖY KOÇ HOLDİNG İŞTİRAK VE HİSSE SENEDİ FONU(HİSSE SENEDİ YOĞUN FON);VKF;ALIM;2023-10-11;91,0;10.878272
TI3;İŞ PORTFÖY İŞ BANKASI İŞTİRAKLERİ ENDEKSİ HİSSE SENEDİ (TL) FONU (HİSSE SENEDİ YOĞUN FON);VKF;ALIM;2023-10-11;20000,0;0.087176101
TCD;TACİRLER PORTFÖY DEĞIŞKEN FON;VKF;ALIM;2023-10-11;166,0;29.945149
BID;QNB PORTFÖY BIST 100 DIŞI ŞİRKETLER HİSSE SENEDİ (TL) FONU (HİSSE SENEDİ YOĞUN FON);VKF;ALIM;2023-10-11;452,0;2.209011
NRC;NEO PORTFÖY BİRİNCİ DEĞİŞKEN FON;VKF;ALIM;2023-10-11;837,0;7.163688
GOH;GARANTİ PORTFÖY BIST 100 DIŞI ŞİRKETLER HİSSE SENEDİ FONU (HİSSE SENEDİ YOĞUN FON);VKF;ALIM;2023-10-11;106,0;9.379756
ZJL;ZİRAAT PORTFÖY BIST 100 DIŞI ŞİRKETLER HİSSE SENEDİ FONU (HİSSE SENEDİ YOĞUN FON);VKF;ALIM;2023-10-11;100,0;7.541406
GZG;GARANTİ PORTFÖY SAĞLIK VE GENETİK TEKNOLOJİLERİ DEĞİŞKEN FON;VKF;ALIM;2023-10-11;780,0;3.202951
AFS;AK PORTFÖY SAĞLIK SEKTÖRÜ YABANCI HİSSE SENEDİ FONU;VKF;ALIM;2023-10-11;8595,0;0.17452
FPE;FİBA PORTFÖY EUROBOND BORÇLANMA ARAÇLARI (DÖVİZ)FONU;VKF;ALIM;2023-10-11;44,0;33.989573
IKL;İŞ PORTFÖY SAĞLIK ŞİRKETLERİ KARMA FON;VKF;ALIM;2023-10-11;582,0;4.293298
IPB;İSTANBUL PORTFÖY BİRİNCİ DEĞİŞKEN FON;VKF;ALIM;2023-10-11;18361,0;0.354006
IPB;İSTANBUL PORTFÖY BİRİNCİ DEĞİŞKEN FON;VKF;ALIM;2023-10-11;16,0;0.354006
DBH;DENİZ PORTFÖY EUROBOND (DÖVİZ) BORÇLANMA ARAÇLARI FONU;VKF;ALIM;2023-10-11;9500,0;0.157422
SVB;STRATEJİ PORTFÖY AGRESİF DEĞİŞKEN FON;VKF;ALIM;2023-10-11;1039,0;3.847171
HJB;HEDEF PORTFÖY BİRİNCİ DEĞİŞKEN FON;VKF;ALIM;2023-10-11;2237,0;1.787374
AFV;AK PORTFÖY AVRUPA YABANCI HİSSE SENEDİ FONU;VKF;ALIM;2023-10-11;6512,0;0.230325
AFA;AK PORTFÖY AMERİKA YABANCI HİSSE SENEDİ FONU;VKF;ALIM;2023-10-11;3600,0;0.416572
YAY;YAPI KREDİ PORTFÖY YABANCI TEKNOLOJİ SEKTÖRÜ HİSSE SENEDİ FONU;VKF;ALIM;2023-10-11;2,0;509.025958
DVT;DENİZ PORTFÖY METAVERSE VE DİJİTAL YAŞAM TEKNOLOJİLERİ DEĞİŞKEN FON;VKF;ALIM;2023-10-11;1838,0;2.72018
AFT;AK PORTFÖY YENİ TEKNOLOJİLER YABANCI HİSSE SENEDİ FONU;VKF;ALIM;2023-10-11;5098,0;0.294206
GGK;INVEO PORTFÖY ALTIN FON;VKF;ALIM;2023-10-11;1000,0;3.664502
RBA;ALBARAKA PORTFÖY BEREKET VAKFI NA DESTEK ALTIN KATILIM FONU;VKF;ALIM;2023-10-11;532,0;5.628859
MKG;AKTİF PORTFÖY ALTIN KATILIM FONU;VKF;ALIM;2023-10-11;687,0;4.362576
DMG;DENİZ PORTFÖY GÜMÜŞ FON SEPETİ FONU;VKF;ALIM;2023-10-11;1359,0;1.47156
TLE;AURA PORTFÖY YABANCI BORÇLANMA ARAÇLARI FONU;VKF;ALIM;2023-10-12;100,0;12.382517
BUY;AK PORTFÖY BÜYÜYEN ŞİRKETLER HİSSE SENEDİ (TL) FONU (HİSSE SENEDİ YOĞUN FON);VKF;ALIM;2023-10-13;1119,0;1.518589
RIK;RE-PIE PORTFÖY İKİNCİ DEĞİŞKEN FON;VKF;ALIM;2023-10-23;2307,0;1.733781
TTA;İŞ PORTFÖY ALTIN FONU;VKF;ALIM;2023-10-23;10281,0;0.194531
ZDZ;ZİRAAT PORTFÖY AGRESİF DEĞİŞKEN FON;VKF;SATIM;2023-10-24;588,0;6.915885
BID;QNB PORTFÖY BIST 100 DIŞI ŞİRKETLER HİSSE SENEDİ (TL) FONU (HİSSE SENEDİ YOĞUN FON);YKB;SATIM;2023-10-24;916,0;1.937645
BID;QNB PORTFÖY BIST 100 DIŞI ŞİRKETLER HİSSE SENEDİ (TL) FONU (HİSSE SENEDİ YOĞUN FON);VKF;SATIM;2023-10-24;452,0;1.937645
RIK;RE-PIE PORTFÖY İKİNCİ DEĞİŞKEN FON;YKB;ALIM;2023-11-03;24976,0;1.763685
MMH;AKTİF PORTFÖY BIST 30 ENDEKSİ HİSSE SENEDİ (TL) FONU (HİSSE SENEDİ YOĞUN FON);VKF;ALIM;2023-11-08;261,0;7.65468
GPG;INVEO PORTFÖY BİRİNCİ DEĞİŞKEN FON;VKF;ALIM;2023-11-08;100,0;5.823748
AES;AK PORTFÖY PETROL YABANCI BYF FON SEPETİ FONU;YKB;ALIM;2023-11-09;10262,0;0.073084
CVK;INVEO PORTFÖY ÇOKLU VARLIK KATILIM FONU;YKB;ALIM;2023-11-09;801,0;1.871862
EYT;AKTİF PORTFÖY İKİNCİ FON SEPETİ FONU;YKB;ALIM;2023-11-09;480,0;1.040463
RIK;RE-PIE PORTFÖY İKİNCİ DEĞİŞKEN FON;YKB;SATIM;2023-11-30;24976,0;1.79987
BUY;AK PORTFÖY BÜYÜYEN ŞİRKETLER HİSSE SENEDİ (TL) FONU (HİSSE SENEDİ YOĞUN FON);VKF;SATIM;2023-12-01;1119,0;1.306149
IRF;İSTANBUL PORTFÖY BİRİNCİ FON SEPETİ FONU;YKB;ALIM;2023-12-12;197,0;2.536678
ZFB;AK PORTFÖY FİNTEK VE BLOKZİNCİRİ TEKNOLOJİLERİ DEĞİŞKEN FON;YKB;ALIM;2023-12-12;231,0;2.160194
OLD;QNB PORTFÖY TEMİZ ENERJİ VE SU FON SEPETİ FONU;VKF;ALIM;2023-12-20;789,0;1.901087
IJZ;İŞ PORTFÖY SİBER GÜVENLİK TEKNOLOJİLERİ DEĞİŞKEN FON;VKF;ALIM;2023-12-20;477,0;5.236545
GPA;GARANTİ PORTFÖY EUROBOND BORÇLANMA ARAÇLARI (DÖVİZ) FONU;VKF;ALIM;2023-12-20;131,0;11.429176
IEV;İŞ PORTFÖY TAŞIMACILIK DEĞİŞKEN FON;VKF;ALIM;2023-12-20;310,0;2.415127
TI7;İŞ PORTFÖY DENGELİ DEĞİŞKEN FON;VKF;ALIM;2023-12-20;52,0;38.039427
RTG;ATA PORTFÖY ROBOTİK TEKNOLOJİLERİ DEĞİŞKEN FON;VKF;ALIM;2023-12-20;936,0;2.135676
GZY;GARANTİ PORTFÖY TURİZM VE SEYAHAT SEKTÖRÜ DEĞİŞKEN FON;VKF;ALIM;2023-12-20;349,0;3.571676
GPG;INVEO PORTFÖY BİRİNCİ DEĞİŞKEN FON;VKF;ALIM;2023-12-20;100,0;6.844785
IPB;İSTANBUL PORTFÖY BİRİNCİ DEĞİŞKEN FON;VKF;ALIM;2023-12-20;1345,0;0.371695
BVV;BV PORTFÖY TEKNOLOJİ DEĞİŞKEN FON;VKF;ALIM;2023-12-20;1131,0;1.132741
GSP;AZİMUT PYŞ KAR PAYI ÖDEYEN HİSSE SENEDİ FONU (HİSSE SENEDİ YOĞUN FON);VKF;ALIM;2023-12-20;6367,0;0.235556
IJA;INVEO PORTFÖY ATAK DEĞİŞKEN FON;VKF;ALIM;2023-12-20;314,0;5.41248
IVY;İSTANBUL PORTFÖY BLOCKCHAIN TEKNOLOJİLERİ DEĞİŞKEN FON;VKF;ALIM;2023-12-20;810,0;1.850099
RIK;RE-PIE PORTFÖY İKİNCİ DEĞİŞKEN FON;VKF;ALIM;2023-12-20;267,0;1.868925
TCD;TACİRLER PORTFÖY DEĞIŞKEN FON;VKF;SATIM;2023-12-21;66,0;24.815747
SVB;STRATEJİ PORTFÖY AGRESİF DEĞİŞKEN FON;VKF;SATIM;2023-12-21;500,0;3.391512
PAF;PARDUS PORTFÖY ALTIN FONU;VKF;ALIM;2023-12-21;2325,0;1.068338
GZG;GARANTİ PORTFÖY SAĞLIK VE GENETİK TEKNOLOJİLERİ DEĞİŞKEN FON;VKF;SATIM;2023-12-22;780,0;3.252061
AOY;AK PORTFÖY ALTERNATİF ENERJİ YABANCI HİSSE SENEDİ FONU;VKF;ALIM;2023-12-22;7115,0;0.210798
MJG;AKTİF PORTFÖY GÜMÜŞ FON SEPETİ FONU;VKF;ALIM;2023-12-22;731,0;2.735101
IJZ;İŞ PORTFÖY SİBER GÜVENLİK TEKNOLOJİLERİ DEĞİŞKEN FON;VKF;ALIM;2024-01-24;436,0;5.727642
TFF;TEB PORTFÖY AMERİKA TEKNOLOJİ YABANCI BYF FON SEPETİ FONU;VKF;ALIM;2024-01-24;174,0;17.150202
YAY;YAPI KREDİ PORTFÖY YABANCI TEKNOLOJİ SEKTÖRÜ HİSSE SENEDİ FONU;VKF;ALIM;2024-01-24;6,0;634.217894
OJT;QNB PORTFÖY TEKNOLOJİ FON SEPETİ FONU;VKF;ALIM;2024-01-24;650,0;4.611474
DVT;DENİZ PORTFÖY METAVERSE VE DİJİTAL YAŞAM TEKNOLOJİLERİ DEĞİŞKEN FON;VKF;ALIM;2024-01-24;730,0;3.421894
IRF;İSTANBUL PORTFÖY BİRİNCİ FON SEPETİ FONU;VKF;ALIM;2024-01-24;7593,0;2.633849
AOY;AK PORTFÖY ALTERNATİF ENERJİ YABANCI HİSSE SENEDİ FONU;VKF;SATIM;2024-01-25;7115,0;0.191231
ICZ;AK PORTFÖY TEKNOLOJİ ŞİRKETLERİ HİSSE SENEDİ (TL) FONU (HİSSE SENEDİ YOĞUN FON);YKB;ALIM;2024-01-31;1240,0;4.072414
DHJ;DENİZ PORTFÖY TEKNOLOJİ ŞİRKETLERİ HİSSE SENEDİ FONU (HİSSE SENEDİ YOĞUN FON);YKB;ALIM;2024-02-05;831,0;4.810585
HKH;HEDEF PORTFÖY KATILIM HİSSE SENEDİ (TL) FONU (HİSSE SENEDİ YOĞUN FON);YKB;ALIM;2024-02-05;558,0;5.375577
MAC;MARMARA CAPITAL PORTFÖY HİSSE SENEDİ (TL) FONU (HİSSE SENEDİ YOĞUN FON);YKB;ALIM;2024-02-05;6489,0;0.462296
BID;QNB PORTFÖY BIST 100 DIŞI ŞİRKETLER HİSSE SENEDİ (TL) FONU (HİSSE SENEDİ YOĞUN FON);YKB;ALIM;2024-02-05;482,0;2.073912
TTE;İŞ PORTFÖY BIST TEKNOLOJİ AĞIRLIK SINIRLAMALI ENDEKSİ HİSSE SENEDİ (TL) FONU (HİSSE SENEDİ YOĞUN FON;YKB;ALIM;2024-02-05;5284,0;0.756913
NNF;HEDEF PORTFÖY BİRİNCİ HİSSE SENEDİ (TL) FONU (HİSSE SENEDİ YOĞUN FON);YKB;ALIM;2024-02-05;216,0;13.862483
YHB;YAPI KREDİ PORTFÖY BIST 100 DIŞI ŞİRKETLER HİSSE SENEDİ FONU (HİSSE SENEDİ YOĞUN FON);YKB;ALIM;2024-02-05;968,0;1.238137
DTL;DENİZ PORTFÖY BIST 100 DIŞI ŞİRKETLER HİSSE SENEDİ (TL) FONU (HİSSE SENEDİ YOĞUN FON);YKB;ALIM;2024-02-05;451,0;2.21493
YHZ;YAPI KREDİ PORTFÖY BIST TEKNOLOJİ AĞIRLIK SINIRLAMALI ENDEKSİ HİSSE SENEDİ FONU ( HİSSE SENEDİ YOĞUN;YKB;ALIM;2024-02-05;1032,0;3.873716
ZFB;AK PORTFÖY FİNTEK VE BLOKZİNCİRİ TEKNOLOJİLERİ DEĞİŞKEN FON;YKB;ALIM;2024-02-06;31,0;2.514017
IRF;İSTANBUL PORTFÖY BİRİNCİ FON SEPETİ FONU;YKB;ALIM;2024-02-07;359,0;2.78064
ZFB;AK PORTFÖY FİNTEK VE BLOKZİNCİRİ TEKNOLOJİLERİ DEĞİŞKEN FON;YKB;ALIM;2024-02-07;314,0;2.547807
OLD;QNB PORTFÖY TEMİZ ENERJİ VE SU FON SEPETİ FONU;VKF;SATIM;2024-02-08;789,0;1.884461
ZJL;ZİRAAT PORTFÖY BIST 100 DIŞI ŞİRKETLER HİSSE SENEDİ FONU (HİSSE SENEDİ YOĞUN FON);YKB;SATIM;2024-02-20;200,0;8.234129
ZJL;ZİRAAT PORTFÖY BIST 100 DIŞI ŞİRKETLER HİSSE SENEDİ FONU (HİSSE SENEDİ YOĞUN FON);VKF;SATIM;2024-02-20;100,0;8.234129
YHB;YAPI KREDİ PORTFÖY BIST 100 DIŞI ŞİRKETLER HİSSE SENEDİ FONU (HİSSE SENEDİ YOĞUN FON);YKB;SATIM;2024-02-20;968,0;1.33438
IDH;İŞ PORTFÖY BIST 100 DIŞI ŞİRKETLER HİSSE SENEDİ (TL) FONU (HİSSE SENEDİ YOĞUN FON);YKB;SATIM;2024-02-20;545,0;7.130702
GOH;GARANTİ PORTFÖY BIST 100 DIŞI ŞİRKETLER HİSSE SENEDİ FONU (HİSSE SENEDİ YOĞUN FON);YKB;SATIM;2024-02-20;215,0;9.43449
GOH;GARANTİ PORTFÖY BIST 100 DIŞI ŞİRKETLER HİSSE SENEDİ FONU (HİSSE SENEDİ YOĞUN FON);VKF;SATIM;2024-02-20;106,0;9.43449
DTL;DENİZ PORTFÖY BIST 100 DIŞI ŞİRKETLER HİSSE SENEDİ (TL) FONU (HİSSE SENEDİ YOĞUN FON);YKB;SATIM;2024-02-20;451,0;2.402912
BID;QNB PORTFÖY BIST 100 DIŞI ŞİRKETLER HİSSE SENEDİ (TL) FONU (HİSSE SENEDİ YOĞUN FON);YKB;SATIM;2024-02-20;482,0;2.284739
KPP;KARE PORTFÖY PARA PİYASASI FONU;VKF;ALIM;2024-02-20;4521,0;1.057376
IEV;İŞ PORTFÖY TAŞIMACILIK DEĞİŞKEN FON;YKB;ALIM;2024-02-21;278,0;2.69201
GZY;GARANTİ PORTFÖY TURİZM VE SEYAHAT SEKTÖRÜ DEĞİŞKEN FON;YKB;ALIM;2024-02-21;124,0;4.031382
YJK;YAPI KREDİ PORTFÖY ROBOTİK VE YARI İLETKEN TEKNOLOJİLERİ FON SEPETİ FONU;YKB;ALIM;2024-02-21;916,0;2.216034
GPG;INVEO PORTFÖY BİRİNCİ DEĞİŞKEN FON;YKB;ALIM;2024-02-21;287,0;6.960054
KPP;KARE PORTFÖY PARA PİYASASI FONU;VKF;SATIM;2024-02-22;1038,0;1.059901
KZL;KUVEYT TÜRK PORTFÖY ALTIN KATILIM FONU;KVT;ALIM;2024-02-22;238,0;8.36312
PAF;PARDUS PORTFÖY ALTIN FONU;YKB;ALIM;2024-02-29;821,0;1.217783
GGK;INVEO PORTFÖY ALTIN FON;YKB;ALIM;2024-02-29;229,0;4.364437
GGK;INVEO PORTFÖY ALTIN FON;YKB;ALIM;2024-02-29;57,0;4.364437
MKG;AKTİF PORTFÖY ALTIN KATILIM FONU;KVT;ALIM;2024-02-29;184,0;5.430761
OJK;QNB PORTFÖY ALTIN FONU;YKB;ALIM;2024-02-29;731,0;4.099457
OJK;QNB PORTFÖY ALTIN FONU;YKB;ALIM;2024-02-29;48,0;4.099457
KZL;KUVEYT TÜRK PORTFÖY ALTIN KATILIM FONU;KVT;ALIM;2024-02-29;117,0;8.495812
KPP;KARE PORTFÖY PARA PİYASASI FONU;VKF;SATIM;2024-03-04;3483,0;1.074255
SAS;AK PORTFÖY SABANCI TOPLULUĞU ŞİRKETLERİ ENDEKSİ HİSSE SENEDİ (TL) FONU (HİSSE SENEDİ YOĞUN FON);YKB;ALIM;2024-03-06;1000,0;1.0
SAS;AK PORTFÖY SABANCI TOPLULUĞU ŞİRKETLERİ ENDEKSİ HİSSE SENEDİ (TL) FONU (HİSSE SENEDİ YOĞUN FON);YKB;ALIM;2024-03-11;971,0;1.029673
YKT;YAPI KREDİ PORTFÖY ALTIN FONU;YKB;ALIM;2024-03-11;6452,0;0.309954
KPP;KARE PORTFÖY PARA PİYASASI FONU;VKF;ALIM;2024-03-25;6182,0;1.103142
ZBJ;ZİRAAT PORTFÖY BAŞAK PARA PİYASASI (TL) FONU;VKF;ALIM;2024-03-25;8329,0;1.800914
IRF;İSTANBUL PORTFÖY BİRİNCİ FON SEPETİ FONU;VKF;ALIM;2024-03-26;4707,0;2.974119
EYT;AKTİF PORTFÖY İKİNCİ FON SEPETİ FONU;VKF;ALIM;2024-03-26;27863,0;1.291954
EIL;ASTRA PORTFÖY PARA PİYASASI (TL) FONU;YKB;ALIM;2024-03-29;3580,0;1.820758
ZBJ;ZİRAAT PORTFÖY BAŞAK PARA PİYASASI (TL) FONU;VKF;SATIM;2024-04-22;8329,0;1.872524
KPP;KARE PORTFÖY PARA PİYASASI FONU;VKF;SATIM;2024-04-22;6182,0;1.146151
EIL;ASTRA PORTFÖY PARA PİYASASI (TL) FONU;YKB;SATIM;2024-04-22;3580,0;1.882105
DHJ;DENİZ PORTFÖY TEKNOLOJİ ŞİRKETLERİ HİSSE SENEDİ FONU (HİSSE SENEDİ YOĞUN FON);YKB;SATIM;2024-05-14;831,0;5.44192
PAF;PARDUS PORTFÖY ALTIN FONU;YKB;SATIM;2024-05-14;821,0;1.298693
NVB;NEO PORTFÖY İKİNCİ PARA PİYASASI (TL) FON;YKB;ALIM;2024-05-16;38617,0;1.812672
ZBJ;ZİRAAT PORTFÖY BAŞAK PARA PİYASASI (TL) FONU;YKB;ALIM;2024-05-16;36134,0;1.937225
PPN;NUROL PORTFÖY PARA PİYASASI (TL) FONU;YKB;ALIM;2024-05-16;31276,0;2.129459
IIH;İSTANBUL PORTFÖY ÜÇÜNCÜ HİSSE SENEDİ FONU (HİSSE SENEDİ YOĞUN FON);VKF;ALIM;2024-06-06;30,0;24.223657
IOO;İŞ PORTFÖY İKİNCİ PARA PİYASASI (TL) FONU;VKF;ALIM;2024-06-25;16316,0;1.839668
TI2;İŞ PORTFÖY HİSSE SENEDİ (TL) FONU (HİSSE SENEDİ YOĞUN FON);YKB;ALIM;2024-06-26;20000,0;0.1033392483
IHK;İŞ PORTFÖY İŞ''TE KADIN HİSSE SENEDİ (TL) FONU (HİSSE SENEDİ YOĞUN FON);YKB;ALIM;2024-06-26;217,0;13.763081
IIH;İSTANBUL PORTFÖY ÜÇÜNCÜ HİSSE SENEDİ FONU (HİSSE SENEDİ YOĞUN FON);YKB;ALIM;2024-06-26;117,0;25.452223
SAS;AK PORTFÖY SABANCI TOPLULUĞU ŞİRKETLERİ ENDEKSİ HİSSE SENEDİ (TL) FONU (HİSSE SENEDİ YOĞUN FON);YKB;ALIM;2024-06-26;2493,0;1.203268
GSP;AZİMUT PYŞ KAR PAYI ÖDEYEN HİSSE SENEDİ FONU (HİSSE SENEDİ YOĞUN FON);YKB;ALIM;2024-06-26;2641,0;0.378504
MMH;AKTİF PORTFÖY BIST 30 ENDEKSİ HİSSE SENEDİ (TL) FONU (HİSSE SENEDİ YOĞUN FON);YKB;ALIM;2024-06-26;88,0;11.270822
AAK;ATA PORTFÖY ÇOKLU VARLIK DEĞİŞKEN FON;YKB;ALIM;2024-06-26;520,0;22.64976
IHK;İŞ PORTFÖY İŞ''TE KADIN HİSSE SENEDİ (TL) FONU (HİSSE SENEDİ YOĞUN FON);YKB;ALIM;2024-07-10;980,0;14.281323
TI2;İŞ PORTFÖY HİSSE SENEDİ (TL) FONU (HİSSE SENEDİ YOĞUN FON);YKB;ALIM;2024-07-10;130000,0;0.10649763539999998
AFA;AK PORTFÖY AMERİKA YABANCI HİSSE SENEDİ FONU;YKB;ALIM;2024-07-10;22226,0;0.629888
IVY;İSTANBUL PORTFÖY BLOCKCHAIN TEKNOLOJİLERİ DEĞİŞKEN FON;YKB;ALIM;2024-07-10;5307,0;2.637789
AFT;AK PORTFÖY YENİ TEKNOLOJİLER YABANCI HİSSE SENEDİ FONU;YKB;ALIM;2024-07-10;31066,0;0.450643
IOO;İŞ PORTFÖY İKİNCİ PARA PİYASASI (TL) FONU;VKF;SATIM;2024-07-16;1600,0;1.893258
IOO;İŞ PORTFÖY İKİNCİ PARA PİYASASI (TL) FONU;VKF;SATIM;2024-07-18;500,0;1.898148
IOO;İŞ PORTFÖY İKİNCİ PARA PİYASASI (TL) FONU;VKF;SATIM;2024-07-24;7850,0;1.913292
IHK;İŞ PORTFÖY İŞ''TE KADIN HİSSE SENEDİ (TL) FONU (HİSSE SENEDİ YOĞUN FON);YKB;ALIM;2024-08-06;144,0;13.136744
TI2;İŞ PORTFÖY HİSSE SENEDİ (TL) FONU (HİSSE SENEDİ YOĞUN FON);YKB;ALIM;2024-08-06;20000,0;0.0980090262
IIH;İSTANBUL PORTFÖY ÜÇÜNCÜ HİSSE SENEDİ FONU (HİSSE SENEDİ YOĞUN FON);YKB;ALIM;2024-08-06;288,0;24.228224
IOO;İŞ PORTFÖY İKİNCİ PARA PİYASASI (TL) FONU;VKF;SATIM;2024-09-09;6366,0;2.038679
EIL;ASTRA PORTFÖY PARA PİYASASI (TL) FONU;YKB;ALIM;2024-09-16;17410,0;2.298251
IIH;İSTANBUL PORTFÖY ÜÇÜNCÜ HİSSE SENEDİ FONU (HİSSE SENEDİ YOĞUN FON);YKB;ALIM;2024-09-20;284,0;24.647002
BGP;AK PORTFÖY ÜÇÜNCÜ PARA PİYASASI (TL) FONU;YKB;ALIM;2024-10-25;11491,0;3.045625
TI7;İŞ PORTFÖY DENGELİ DEĞİŞKEN FON;YKB;ALIM;2024-10-30;271,0;52.596782
IDH;İŞ PORTFÖY BIST 100 DIŞI ŞİRKETLER HİSSE SENEDİ (TL) FONU (HİSSE SENEDİ YOĞUN FON);YKB;ALIM;2024-10-30;125,0;7.979007
IHK;İŞ PORTFÖY İŞ''TE KADIN HİSSE SENEDİ (TL) FONU (HİSSE SENEDİ YOĞUN FON);YKB;ALIM;2024-10-30;773,0;11.629967
HKH;HEDEF PORTFÖY KATILIM HİSSE SENEDİ (TL) FONU (HİSSE SENEDİ YOĞUN FON);YKB;ALIM;2024-10-30;175,0;5.706941
TI2;İŞ PORTFÖY HİSSE SENEDİ (TL) FONU (HİSSE SENEDİ YOĞUN FON);YKB;ALIM;2024-10-30;110000,0;0.08598448
IIH;İSTANBUL PORTFÖY ÜÇÜNCÜ HİSSE SENEDİ FONU (HİSSE SENEDİ YOĞUN FON);YKB;ALIM;2024-10-30;415,0;21.640911
NNF;HEDEF PORTFÖY BİRİNCİ HİSSE SENEDİ (TL) FONU (HİSSE SENEDİ YOĞUN FON);YKB;ALIM;2024-10-30;69,0;14.35406
YKT;YAPI KREDİ PORTFÖY ALTIN FONU;YKB;ALIM;2024-11-14;118784,0;0.42093
NAU;NEO PORTFÖY ALTIN FONU;YKB;ALIM;2024-11-14;57834,0;1.383257
YKT;YAPI KREDİ PORTFÖY ALTIN FONU;YKB;ALIM;2024-11-15;119143,0;0.419662
NAU;NEO PORTFÖY ALTIN FONU;YKB;ALIM;2024-11-15;58585,0;1.365514
YKT;YAPI KREDİ PORTFÖY ALTIN FONU;YKB;ALIM;2024-11-26;115823,0;0.431693
NAU;NEO PORTFÖY ALTIN FONU;YKB;ALIM;2024-11-26;59541,0;1.427584
IRF;İSTANBUL PORTFÖY BİRİNCİ FON SEPETİ FONU;YKB;SATIM;2024-11-27;556,0;3.601155
IRF;İSTANBUL PORTFÖY BİRİNCİ FON SEPETİ FONU;VKF;SATIM;2024-11-27;12300,0;3.601155
GPA;GARANTİ PORTFÖY EUROBOND BORÇLANMA ARAÇLARI (DÖVİZ) FONU;VKF;SATIM;2024-11-27;131,0;14.69562
EYT;AKTİF PORTFÖY İKİNCİ FON SEPETİ FONU;YKB;SATIM;2024-11-27;480,0;1.533279
EYT;AKTİF PORTFÖY İKİNCİ FON SEPETİ FONU;VKF;SATIM;2024-11-27;27863,0;1.533279
AAK;ATA PORTFÖY ÇOKLU VARLIK DEĞİŞKEN FON;YKB;SATIM;2024-11-27;520,0;23.506524
TLE;AURA PORTFÖY YABANCI BORÇLANMA ARAÇLARI FONU;VKF;SATIM;2024-11-28;100,0;17.353873
FPE;FİBA PORTFÖY EUROBOND BORÇLANMA ARAÇLARI (DÖVİZ)FONU;VKF;SATIM;2024-11-28;44,0;49.284923
IPB;İSTANBUL PORTFÖY BİRİNCİ DEĞİŞKEN FON;YKB;ALIM;2024-11-28;4858,0;0.61744
GA1;GARANTİ PORTFÖY BORÇLANMA ARAÇLARI FONU;YKB;ALIM;2024-11-29;10,0;1188.699423
DBH;DENİZ PORTFÖY EUROBOND (DÖVİZ) BORÇLANMA ARAÇLARI FONU;VKF;SATIM;2024-11-29;9500,0;0.245796
AES;AK PORTFÖY PETROL YABANCI BYF FON SEPETİ FONU;YKB;SATIM;2024-11-29;10262,0;0.085703
ACD;İSTANBUL PORTFÖY İKİNCİ DEĞİŞKEN FON;YKB;ALIM;2024-11-29;2697,0;3.707627
YOT;YAPI KREDİ PORTFÖY BORÇLANMA ARAÇLARI FONU;YKB;ALIM;2024-11-29;409,0;24.400484
YSU;YAPI KREDİ PORTFÖY ÜÇÜNCÜ DEĞİŞKEN FON;YKB;ALIM;2024-11-29;95909,0;0.104265
NJR;NUROL PORTFÖY BİRİNCİ BORÇLANMA ARAÇLARI FONU;YKB;ALIM;2024-11-29;10852,0;2.764322
HVK;HEDEF PORTFÖY BİRİNCİ BORÇLANMA ARAÇLARI (TL) FONU;YKB;ALIM;2024-11-29;10986,0;2.730688
AN1;STRATEJİ PORTFÖY BİRİNCİ DEĞİŞKEN FON;YKB;ALIM;2024-12-06;173,0;63.477202
BGP;AK PORTFÖY ÜÇÜNCÜ PARA PİYASASI (TL) FONU;YKB;SATIM;2024-12-10;1090,0;3.237644
BGP;AK PORTFÖY ÜÇÜNCÜ PARA PİYASASI (TL) FONU;YKB;ALIM;2024-12-10;2162,0;3.237644
IVY;İSTANBUL PORTFÖY BLOCKCHAIN TEKNOLOJİLERİ DEĞİŞKEN FON;YKB;ALIM;2024-12-11;1023,0;3.518197
TCD;TACİRLER PORTFÖY DEĞIŞKEN FON;VKF;SATIM;2024-12-12;100,0;32.354002
BGP;AK PORTFÖY ÜÇÜNCÜ PARA PİYASASI (TL) FONU;YKB;ALIM;2024-12-13;769,0;3.250881
PPN;NUROL PORTFÖY PARA PİYASASI (TL) FONU;YKB;ALIM;2024-12-16;19676,0;2.846035
BGP;AK PORTFÖY ÜÇÜNCÜ PARA PİYASASI (TL) FONU;YKB;SATIM;2024-12-19;3051,0;3.276997
AN1;STRATEJİ PORTFÖY BİRİNCİ DEĞİŞKEN FON;YKB;ALIM;2024-12-25;157,0;63.492575
YKT;YAPI KREDİ PORTFÖY ALTIN FONU;YKB;SATIM;2025-01-08;100202,0;0.405463
EIL;ASTRA PORTFÖY PARA PİYASASI (TL) FONU;YKB;SATIM;2025-01-08;13680,0;2.666204
EIL;ASTRA PORTFÖY PARA PİYASASI (TL) FONU;YKB;SATIM;2025-01-09;3730,0;2.669538
BGP;AK PORTFÖY ÜÇÜNCÜ PARA PİYASASI (TL) FONU;YKB;SATIM;2025-01-09;489,0;3.369088
IPB;İSTANBUL PORTFÖY BİRİNCİ DEĞİŞKEN FON;YKB;ALIM;2025-01-15;32760,0;0.610491
GUV;GARANTİ PORTFÖY UZUN VADELİ BORÇLANMA ARAÇLARI FONU;YKB;ALIM;2025-01-15;16238,0;1.231676
AN1;STRATEJİ PORTFÖY BİRİNCİ DEĞİŞKEN FON;YKB;ALIM;2025-01-15;154,0;64.576989
YOT;YAPI KREDİ PORTFÖY BORÇLANMA ARAÇLARI FONU;YKB;ALIM;2025-01-15;774,0;25.834795
YSU;YAPI KREDİ PORTFÖY ÜÇÜNCÜ DEĞİŞKEN FON;YKB;ALIM;2025-01-15;90270,0;0.110778
HEH;HEDEF PORTFÖY ALGO EVEREST İSTATİSTİKSEL ARBİTRAJ HİSSE SENEDİ SERBEST FON (HİSSE SENEDİ YOĞUN FON);YKB;ALIM;2025-01-15;16140,0;1.858721
TI7;İŞ PORTFÖY DENGELİ DEĞİŞKEN FON;YKB;SATIM;2025-01-16;271,0;51.087044
TI7;İŞ PORTFÖY DENGELİ DEĞİŞKEN FON;VKF;SATIM;2025-01-16;52,0;51.087044
IEV;İŞ PORTFÖY TAŞIMACILIK DEĞİŞKEN FON;VKF;SATIM;2025-01-17;310,0;3.383317
IEV;İŞ PORTFÖY TAŞIMACILIK DEĞİŞKEN FON;YKB;SATIM;2025-01-17;278,0;3.383317
AFS;AK PORTFÖY SAĞLIK SEKTÖRÜ YABANCI HİSSE SENEDİ FONU;VKF;SATIM;2025-01-17;8595,0;0.225467
IPB;İSTANBUL PORTFÖY BİRİNCİ DEĞİŞKEN FON;YKB;ALIM;2025-01-17;8098,0;0.617403
AN1;STRATEJİ PORTFÖY BİRİNCİ DEĞİŞKEN FON;YKB;ALIM;2025-01-17;61,0;64.94935
GBV;GARANTİ PORTFÖY BLOCKCHAİN TEKNOLOJİLERİ DEĞİŞKEN FON;YKB;ALIM;2025-01-17;1650,0;6.058326
IPB;İSTANBUL PORTFÖY BİRİNCİ DEĞİŞKEN FON;YKB;ALIM;2025-01-29;15600,0;0.640999
TFF;TEB PORTFÖY AMERİKA TEKNOLOJİ YABANCI BYF FON SEPETİ FONU;YKB;ALIM;2025-01-29;407,0;24.547784
NPH;NUROL PORTFÖY BİRİNCİ HİSSE SENEDİ FONU (HİSSE SENEDİ YOĞUN FON);YKB;ALIM;2025-01-29;4156,0;1.203043
AN1;STRATEJİ PORTFÖY BİRİNCİ DEĞİŞKEN FON;YKB;ALIM;2025-01-29;151,0;66.161917
AFA;AK PORTFÖY AMERİKA YABANCI HİSSE SENEDİ FONU;YKB;ALIM;2025-01-29;13700,0;0.729911
FBV;İŞ PORTFÖY MODEL SERBEST FON;YKB;ALIM;2025-01-29;3352,0;4.474586
AFT;AK PORTFÖY YENİ TEKNOLOJİLER YABANCI HİSSE SENEDİ FONU;YKB;ALIM;2025-01-29;19311,0;0.517836
NRG;NEO PORTFÖY BİRİNCİ PARA PİYASASI FONU;YKB;ALIM;2025-01-30;25143,0;2.941508
HMG;HSBC PYŞ MUTLAK GETİRİ HEDEFLİ HİSSE SENEDİ SERBEST (TL) FON(HİSSE SENEDİ YOĞUN FON);YKB;ALIM;2025-02-13;320903,0;0.046743
DCB;DENİZ PORTFÖY PARA PİYASASI SERBEST (TL) FON;YKB;ALIM;2025-02-20;4259,0;2.582612
FBV;İŞ PORTFÖY MODEL SERBEST FON;YKB;ALIM;2025-03-05;3208,0;4.674612
RIK;RE-PIE PORTFÖY İKİNCİ DEĞİŞKEN FON;YKB;ALIM;2025-03-05;3225,0;3.100215
DCB;DENİZ PORTFÖY PARA PİYASASI SERBEST (TL) FON;YKB;SATIM;2025-03-10;4259,0;2.638792
BGP;AK PORTFÖY ÜÇÜNCÜ PARA PİYASASI (TL) FONU;YKB;SATIM;2025-03-10;2207,0;3.624483
BIO;İŞ PORTFÖY SÜRDÜRÜLEBİLİRLİK HİSSE SENEDİ (TL) FONU (HİSSE SENEDİ YOĞUN FON);YKB;ALIM;2025-03-10;2472,0;2.022609
MTH;MT PORTFÖY BİRİNCİ HİSSE SENEDİ FONU (HİSSE SENEDİ YOĞUN FON);YKB;ALIM;2025-03-10;4362,0;1.146037
HMG;HSBC PYŞ MUTLAK GETİRİ HEDEFLİ HİSSE SENEDİ SERBEST (TL) FON(HİSSE SENEDİ YOĞUN FON);YKB;SATIM;2025-03-11;320903,0;0.046913
BGP;AK PORTFÖY ÜÇÜNCÜ PARA PİYASASI (TL) FONU;YKB;SATIM;2025-03-11;2755,0;3.628805
BIO;İŞ PORTFÖY SÜRDÜRÜLEBİLİRLİK HİSSE SENEDİ (TL) FONU (HİSSE SENEDİ YOĞUN FON);YKB;ALIM;2025-03-18;2411,0;2.07373
IIH;İSTANBUL PORTFÖY ÜÇÜNCÜ HİSSE SENEDİ FONU (HİSSE SENEDİ YOĞUN FON);YKB;ALIM;2025-03-18;188,0;26.562011
MTH;MT PORTFÖY BİRİNCİ HİSSE SENEDİ FONU (HİSSE SENEDİ YOĞUN FON);YKB;ALIM;2025-03-18;4216,0;1.185715
MAC;MARMARA CAPITAL PORTFÖY HİSSE SENEDİ (TL) FONU (HİSSE SENEDİ YOĞUN FON);YKB;ALIM;2025-03-20;6818,0;0.586674
BIO;İŞ PORTFÖY SÜRDÜRÜLEBİLİRLİK HİSSE SENEDİ (TL) FONU (HİSSE SENEDİ YOĞUN FON);YKB;ALIM;2025-03-20;2134,0;1.873768
NNF;HEDEF PORTFÖY BİRİNCİ HİSSE SENEDİ (TL) FONU (HİSSE SENEDİ YOĞUN FON);YKB;ALIM;2025-03-20;177,0;16.910702
GSP;AZİMUT PYŞ KAR PAYI ÖDEYEN HİSSE SENEDİ FONU (HİSSE SENEDİ YOĞUN FON);YKB;ALIM;2025-03-20;10835,0;0.369172
MMH;AKTİF PORTFÖY BIST 30 ENDEKSİ HİSSE SENEDİ (TL) FONU (HİSSE SENEDİ YOĞUN FON);YKB;ALIM;2025-03-20;276,0;10.860009
MTH;MT PORTFÖY BİRİNCİ HİSSE SENEDİ FONU (HİSSE SENEDİ YOĞUN FON);YKB;ALIM;2025-03-20;3642,0;1.098283
YOT;YAPI KREDİ PORTFÖY BORÇLANMA ARAÇLARI FONU;YKB;SATIM;2025-03-21;430,0;26.280536
DCB;DENİZ PORTFÖY PARA PİYASASI SERBEST (TL) FON;YKB;ALIM;2025-03-26;16549,0;2.688856
YSU;YAPI KREDİ PORTFÖY ÜÇÜNCÜ DEĞİŞKEN FON;YKB;SATIM;2025-03-27;186179,0;0.109722
GUV;GARANTİ PORTFÖY UZUN VADELİ BORÇLANMA ARAÇLARI FONU;YKB;SATIM;2025-03-27;16238,0;1.189259
YOT;YAPI KREDİ PORTFÖY BORÇLANMA ARAÇLARI FONU;YKB;SATIM;2025-03-27;753,0;25.641391
GA1;GARANTİ PORTFÖY BORÇLANMA ARAÇLARI FONU;YKB;SATIM;2025-03-27;10,0;1237.653988
NJR;NUROL PORTFÖY BİRİNCİ BORÇLANMA ARAÇLARI FONU;YKB;SATIM;2025-03-27;10852,0;3.17016
DCB;DENİZ PORTFÖY PARA PİYASASI SERBEST (TL) FON;YKB;ALIM;2025-03-28;38211,0;2.695542
DCB;DENİZ PORTFÖY PARA PİYASASI SERBEST (TL) FON;YKB;SATIM;2025-04-09;365,0;2.735977
DCB;DENİZ PORTFÖY PARA PİYASASI SERBEST (TL) FON;YKB;SATIM;2025-04-11;1822,0;2.742793
DCB;DENİZ PORTFÖY PARA PİYASASI SERBEST (TL) FON;YKB;SATIM;2025-04-14;908,0;2.753055
FDG;FONMAP PORTFÖY BİRİNCİ DEĞİŞKEN FON;YKB;ALIM;2025-06-24;23476,0;1.789061
NNF;HEDEF PORTFÖY BİRİNCİ HİSSE SENEDİ (TL) FONU (HİSSE SENEDİ YOĞUN FON);YKB;ALIM;2025-07-02;511,0;19.568516
MPP;MEKSA PORTFÖY PRİME SERBEST FON;YKB;ALIM;2025-07-02;2968,0;16.845261
NLE;NUROL PORTFÖY EMLAK SEKTÖRÜ HİSSE SENEDİ FONU (HİSSE SENEDİ YOĞUN FON);YKB;ALIM;2025-07-09;8451,0;1.18322
TBT;TEB PORTFÖY BORÇLANMA ARAÇLARI FONU;YKB;ALIM;2025-07-09;343,0;43.63541
TAU;İŞ PORTFÖY BIST BANKA ENDEKSİ HİSSE SENEDİ (TL) FONU (HİSSE SENEDİ YOĞUN FON);YKB;ALIM;2025-07-09;16573,0;0.603364
NJR;NUROL PORTFÖY BİRİNCİ BORÇLANMA ARAÇLARI FONU;YKB;ALIM;2025-07-09;8180,0;3.667241
HIM;HEDEF PORTFÖY İKİNCİ MUTLAK GETİRİ HEDEFLİ HİSSE SENEDİ SERBEST FON (HİSSE SENEDİ YOĞUN FON);YKB;ALIM;2025-07-31;12421,0;2.817759
HDA;HEDEF PORTFÖY DÖRDÜNCÜ İSTATİSTİKSEL ARBİTRAJ HİSSE SENEDİ SERBEST (TL) FON (HİSSE SENEDİ YOĞUN FON);YKB;ALIM;2025-07-31;15659,0;2.235047
SPN;AZİMUT PORTFÖY İSTATİSTİKSEL ARBİTRAJ HİSSE SENEDİ SERBEST FON (HİSSE SENEDİ YOĞUN FON);YKB;ALIM;2025-07-31;4962,0;7.0534
NSH;NUROL PORTFÖY İSTATİSTİKSEL ARBİTRAJ HİSSE SENEDİ SERBEST FON (HİSSE SENEDİ YOĞUN FON);YKB;ALIM;2025-07-31;23486,0;1.490213
IIH;İSTANBUL PORTFÖY ÜÇÜNCÜ HİSSE SENEDİ FONU (HİSSE SENEDİ YOĞUN FON);VKF;SATIM;2025-09-03;30,0;27.197333
IPB;İSTANBUL PORTFÖY BİRİNCİ DEĞİŞKEN FON;VKF;SATIM;2025-09-03;19722,0;0.655808
GSP;AZİMUT PYŞ KAR PAYI ÖDEYEN HİSSE SENEDİ FONU (HİSSE SENEDİ YOĞUN FON);VKF;SATIM;2025-09-03;6367,0;0.394396
IIH;İSTANBUL PORTFÖY ÜÇÜNCÜ HİSSE SENEDİ FONU (HİSSE SENEDİ YOĞUN FON);YKB;SATIM;2025-09-03;1292,0;27.213397
IPB;İSTANBUL PORTFÖY BİRİNCİ DEĞİŞKEN FON;YKB;SATIM;2025-09-03;61316,0;0.655808
GSP;AZİMUT PYŞ KAR PAYI ÖDEYEN HİSSE SENEDİ FONU (HİSSE SENEDİ YOĞUN FON);YKB;SATIM;2025-09-03;13476,0;0.394396
TI2;İŞ PORTFÖY HİSSE SENEDİ (TL) FONU (HİSSE SENEDİ YOĞUN FON);YKB;SATIM;2025-09-04;280000,0;0.106162
IHK;İŞ PORTFÖY İŞ''TE KADIN HİSSE SENEDİ (TL) FONU (HİSSE SENEDİ YOĞUN FON);YKB;SATIM;2025-09-04;2114,0;14.053684
SPN;AZİMUT PORTFÖY İSTATİSTİKSEL ARBİTRAJ HİSSE SENEDİ SERBEST FON (HİSSE SENEDİ YOĞUN FON);YKB;ALIM;2025-09-04;1353,0;7.312456
AP7;PARDUS PORTFÖY ALGO ETNA İSTATİSTİKSEL ARBİTRAJ SERBEST FON;YKB;ALIM;2025-09-04;21767,0;1.837642
FDG;FONMAP PORTFÖY BİRİNCİ DEĞİŞKEN FON;YKB;ALIM;2025-09-04;14940,0;2.008008
RIK;RE-PIE PORTFÖY İKİNCİ DEĞİŞKEN FON;YKB;ALIM;2025-09-04;12362,0;4.044515
NRC;NEO PORTFÖY BİRİNCİ DEĞİŞKEN FON;VKF;SATIM;2025-09-05;837,0;9.492127
TI3;İŞ PORTFÖY İŞ BANKASI İŞTİRAKLERİ ENDEKSİ HİSSE SENEDİ (TL) FONU (HİSSE SENEDİ YOĞUN FON);VKF;SATIM;2025-09-05;60000,0;0.105008
YAS;YAPI KREDİ PORTFÖY KOÇ HOLDİNG İŞTİRAK VE HİSSE SENEDİ FONU(HİSSE SENEDİ YOĞUN FON);VKF;SATIM;2025-09-05;498,0;12.983725
MMH;AKTİF PORTFÖY BIST 30 ENDEKSİ HİSSE SENEDİ (TL) FONU (HİSSE SENEDİ YOĞUN FON);VKF;SATIM;2025-09-05;261,0;11.886678
NNF;HEDEF PORTFÖY BİRİNCİ HİSSE SENEDİ (TL) FONU (HİSSE SENEDİ YOĞUN FON);YKB;SATIM;2025-09-05;973,0;19.987975
MAC;MARMARA CAPITAL PORTFÖY HİSSE SENEDİ (TL) FONU (HİSSE SENEDİ YOĞUN FON);YKB;SATIM;2025-09-05;13307,0;0.646766
IDH;İŞ PORTFÖY BIST 100 DIŞI ŞİRKETLER HİSSE SENEDİ (TL) FONU (HİSSE SENEDİ YOĞUN FON);YKB;SATIM;2025-09-05;325,0;10.177729
BIO;İŞ PORTFÖY SÜRDÜRÜLEBİLİRLİK HİSSE SENEDİ (TL) FONU (HİSSE SENEDİ YOĞUN FON);YKB;SATIM;2025-09-05;7017,0;1.963136
NLE;NUROL PORTFÖY EMLAK SEKTÖRÜ HİSSE SENEDİ FONU (HİSSE SENEDİ YOĞUN FON);YKB;SATIM;2025-09-05;8451,0;1.241468
MMH;AKTİF PORTFÖY BIST 30 ENDEKSİ HİSSE SENEDİ (TL) FONU (HİSSE SENEDİ YOĞUN FON);YKB;SATIM;2025-09-05;364,0;11.886678
TTE;İŞ PORTFÖY BIST TEKNOLOJİ AĞIRLIK SINIRLAMALI ENDEKSİ HİSSE SENEDİ (TL) FONU (HİSSE SENEDİ YOĞUN FON;YKB;SATIM;2025-09-05;5284,0;1.038538
SAS;AK PORTFÖY SABANCI TOPLULUĞU ŞİRKETLERİ ENDEKSİ HİSSE SENEDİ (TL) FONU (HİSSE SENEDİ YOĞUN FON);YKB;SATIM;2025-09-05;4464,0;1.305553
ICZ;AK PORTFÖY TEKNOLOJİ ŞİRKETLERİ HİSSE SENEDİ (TL) FONU (HİSSE SENEDİ YOĞUN FON);YKB;SATIM;2025-09-05;1240,0;5.973644
MTH;MT PORTFÖY BİRİNCİ HİSSE SENEDİ FONU (HİSSE SENEDİ YOĞUN FON);YKB;SATIM;2025-09-05;12220,0;1.253821
TAU;İŞ PORTFÖY BIST BANKA ENDEKSİ HİSSE SENEDİ (TL) FONU (HİSSE SENEDİ YOĞUN FON);YKB;SATIM;2025-09-05;16573,0;0.560874
NPH;NUROL PORTFÖY BİRİNCİ HİSSE SENEDİ FONU (HİSSE SENEDİ YOĞUN FON);YKB;SATIM;2025-09-05;4156,0;1.456717
HKH;HEDEF PORTFÖY KATILIM HİSSE SENEDİ (TL) FONU (HİSSE SENEDİ YOĞUN FON);YKB;SATIM;2025-09-05;733,0;7.873026
YHZ;YAPI KREDİ PORTFÖY BIST TEKNOLOJİ AĞIRLIK SINIRLAMALI ENDEKSİ HİSSE SENEDİ FONU ( HİSSE SENEDİ YOĞUN;YKB;SATIM;2025-09-05;1032,0;5.828469
ONN;AKTİF PORTFÖY AKTİF ONİKS SERBEST (TL) FON;YKB;ALIM;2025-09-05;18953,0;4.484724
MPP;MEKSA PORTFÖY PRİME SERBEST FON;YKB;ALIM;2025-09-10;550,0;19.224472
MPP;MEKSA PORTFÖY PRİME SERBEST FON;YKB;ALIM;2025-09-17;2040,0;19.604828
DFI;ATLAS PORTFÖY SERBEST FON;YKB;ALIM;2025-09-17;26384,0;0.947542
NJR;NUROL PORTFÖY BİRİNCİ BORÇLANMA ARAÇLARI FONU;YKB;SATIM;2025-10-06;8180,0;4.088139
TBT;TEB PORTFÖY BORÇLANMA ARAÇLARI FONU;YKB;SATIM;2025-10-06;343,0;46.055216
AN1;STRATEJİ PORTFÖY BİRİNCİ DEĞİŞKEN FON;YKB;SATIM;2025-10-14;696,0;77.148243
PKV;PARDUS PORTFÖY KISA VADELİ SERBEST (TL) FON;M;ALIM;2025-10-15;36512,0;1.410304
PKV;PARDUS PORTFÖY KISA VADELİ SERBEST (TL) FON;M;SATIM;2025-10-17;3750,0;1.413782
DFI;ATLAS PORTFÖY SERBEST FON;YKB;SATIM;2025-10-21;26384,0;1.238662
PKV;PARDUS PORTFÖY KISA VADELİ SERBEST (TL) FON;M;ALIM;2025-10-21;54782,0;1.42075
YKT;YAPI KREDİ PORTFÖY ALTIN FONU;YKB;SATIM;2025-10-23;260000,0;0.785462
TTA;İŞ PORTFÖY ALTIN FONU;VKF;SATIM;2025-10-23;10281,0;0.594654
DCB;DENİZ PORTFÖY PARA PİYASASI SERBEST (TL) FON;YKB;SATIM;2025-11-03;51665,0;3.51242
PKV;PARDUS PORTFÖY KISA VADELİ SERBEST (TL) FON;M;SATIM;2025-11-03;87544,0;1.443268
AFT;AK PORTFÖY YENİ TEKNOLOJİLER YABANCI HİSSE SENEDİ FONU;YKB;ALIM;2025-11-04;69815,0;0.859409
ONN;AKTİF PORTFÖY AKTİF ONİKS SERBEST (TL) FON;YKB;SATIM;2025-11-04;18953,0;4.805944
IJA;INVEO PORTFÖY ATAK DEĞİŞKEN FON;VKF;SATIM;2025-11-04;314,0;10.077258
RIK;RE-PIE PORTFÖY İKİNCİ DEĞİŞKEN FON;YKB;ALIM;2025-11-04;19667,0;4.525308
IJZ;İŞ PORTFÖY SİBER GÜVENLİK TEKNOLOJİLERİ DEĞİŞKEN FON;VKF;SATIM;2025-11-05;913,0;9.900412
GZY;GARANTİ PORTFÖY TURİZM VE SEYAHAT SEKTÖRÜ DEĞİŞKEN FON;VKF;SATIM;2025-11-05;349,0;6.382232
IKL;İŞ PORTFÖY SAĞLIK ŞİRKETLERİ KARMA FON;VKF;SATIM;2025-11-05;582,0;7.834091
AP7;PARDUS PORTFÖY ALGO ETNA İSTATİSTİKSEL ARBİTRAJ SERBEST FON;YKB;SATIM;2025-11-28;21767,0;2.010404
ACD;İSTANBUL PORTFÖY İKİNCİ DEĞİŞKEN FON;YKB;SATIM;2025-12-03;2697,0;4.728071
HIM;HEDEF PORTFÖY İKİNCİ MUTLAK GETİRİ HEDEFLİ HİSSE SENEDİ SERBEST FON (HİSSE SENEDİ YOĞUN FON);YKB;SATIM;2026-01-07;12421,0;3.250697
HDA;HEDEF PORTFÖY DÖRDÜNCÜ İSTATİSTİKSEL ARBİTRAJ HİSSE SENEDİ SERBEST (TL) FON (HİSSE SENEDİ YOĞUN FON);YKB;SATIM;2026-01-07;15659,0;2.581878
MTH;MT PORTFÖY BİRİNCİ HİSSE SENEDİ FONU (HİSSE SENEDİ YOĞUN FON);YKB;ALIM;2026-02-04;12905,0;1.937151
RHI;RE-PIE PORTFÖY BİRİNCİ HİSSE SENEDİ (TL) FONU (HİSSE SENEDİ YOĞUN FON);YKB;ALIM;2026-02-04;17011,0;1.469614
PHE;PUSULA PORTFÖY HİSSE SENEDİ FONU (HİSSE SENEDİ YOĞUN FON);YKB;ALIM;2026-02-04;26371,0;1.895986
MTH;MT PORTFÖY BİRİNCİ HİSSE SENEDİ FONU (HİSSE SENEDİ YOĞUN FON);YKB;ALIM;2026-02-05;5178,0;1.931127
PHE;PUSULA PORTFÖY HİSSE SENEDİ FONU (HİSSE SENEDİ YOĞUN FON);YKB;ALIM;2026-02-05;5249,0;1.904818
MTH;MT PORTFÖY BİRİNCİ HİSSE SENEDİ FONU (HİSSE SENEDİ YOĞUN FON);YKB;ALIM;2026-02-06;5239,0;1.908424
RHI;RE-PIE PORTFÖY BİRİNCİ HİSSE SENEDİ (TL) FONU (HİSSE SENEDİ YOĞUN FON);YKB;ALIM;2026-02-06;6964,0;1.435801
PHE;PUSULA PORTFÖY HİSSE SENEDİ FONU (HİSSE SENEDİ YOĞUN FON);YKB;ALIM;2026-02-06;5201,0;1.922399
PHE;PUSULA PORTFÖY HİSSE SENEDİ FONU (HİSSE SENEDİ YOĞUN FON);YKB;ALIM;2026-02-12;19657,0;2.034847
TGE;İŞ PORTFÖY EMTİA YABANCI BYF FON SEPETİ FONU;YKB;ALIM;2026-02-13;83713,0;0.238909
URA;ATA PORTFÖY ENERJİ DEĞİŞKEN FON;YKB;ALIM;2026-02-17;8239,0;1.820514
BRF;DENİZ PORTFÖY BİRİNCİ FON SEPETİ FONU;YKB;ALIM;2026-02-18;21323,0;1.406891
TGE;İŞ PORTFÖY EMTİA YABANCI BYF FON SEPETİ FONU;YKB;ALIM;2026-02-18;43289,0;0.231001
HVT;ALLBATROSS PORTFÖY BİRİNCİ PARA PİYASASI (TL) FONU;YKB;ALIM;2026-02-24;1551,0;3.867089
MPL;MT PORTFÖY PARA PİYASASI (TL) FONU;YKB;ALIM;2026-02-24;3546,0;1.691676
HVT;ALLBATROSS PORTFÖY BİRİNCİ PARA PİYASASI (TL) FONU;YKB;ALIM;2026-03-02;10271,0;3.894282
MPL;MT PORTFÖY PARA PİYASASI (TL) FONU;YKB;ALIM;2026-03-02;23477,0;1.703733
HVT;ALLBATROSS PORTFÖY BİRİNCİ PARA PİYASASI (TL) FONU;YKB;SATIM;2026-03-05;11822,0;3.90515
MPL;MT PORTFÖY PARA PİYASASI (TL) FONU;YKB;SATIM;2026-03-09;27023,0;1.716818
TGE;İŞ PORTFÖY EMTİA YABANCI BYF FON SEPETİ FONU;YKB;SATIM;2026-06-18;127002,0;0.280047
HVK;HEDEF PORTFÖY BİRİNCİ BORÇLANMA ARAÇLARI (TL) FONU;YKB;SATIM;2026-06-24;10986,0;5.393371
HEH;HEDEF PORTFÖY ALGO EVEREST İSTATİSTİKSEL ARBİTRAJ HİSSE SENEDİ SERBEST FON (HİSSE SENEDİ YOĞUN FON);YKB;SATIM;2026-06-25;16140,0;3.130685
NSH;NUROL PORTFÖY İSTATİSTİKSEL ARBİTRAJ HİSSE SENEDİ SERBEST FON (HİSSE SENEDİ YOĞUN FON);YKB;SATIM;2026-06-25;23486,0;2.076568
SPN;AZİMUT PORTFÖY İSTATİSTİKSEL ARBİTRAJ HİSSE SENEDİ SERBEST FON (HİSSE SENEDİ YOĞUN FON);YKB;SATIM;2026-06-25;6315,0;9.555607
GZY;GARANTİ PORTFÖY TURİZM VE SEYAHAT SEKTÖRÜ DEĞİŞKEN FON;YKB;SATIM;2026-06-26;124,0;7.73441
NRG;NEO PORTFÖY BİRİNCİ PARA PİYASASI FONU;YKB;SATIM;2026-06-30;25143,0;5.272008
BGP;AK PORTFÖY ÜÇÜNCÜ PARA PİYASASI (TL) FONU;YKB;SATIM;2026-06-30;4830,0;6.179122
