fon_kodu;fon_adi;alis_tarihi;pay_sayisi;alis_fiyati;maliyet_tl
AFA;AK PORTFÖY AMERİKA YABANCI HİSSE SENEDİ FONU;09.10.2023;1610;0,403596;649,79
AFA;AK PORTFÖY AMERİKA YABANCI HİSSE SENEDİ FONU;09.10.2023;867;0,403596;349,92
AFA;AK PORTFÖY AMERİKA YABANCI HİSSE SENEDİ FONU;10.07.2024;22226;0,629888;13999,89
AFA;AK PORTFÖY AMERİKA YABANCI HİSSE SENEDİ FONU;11.10.2023;3600;0,416572;1499,66
AFA;AK PORTFÖY AMERİKA YABANCI HİSSE SENEDİ FONU;29.01.2025;13700;0,729911;9999,78
AFT;AK PORTFÖY YENİ TEKNOLOJİLER YABANCI HİSSE SENEDİ FONU;04.11.2025;69815;0,859409;59999,64
AFT;AK PORTFÖY YENİ TEKNOLOJİLER YABANCI HİSSE SENEDİ FONU;09.10.2023;3497;0,285895;999,77
AFT;AK PORTFÖY YENİ TEKNOLOJİLER YABANCI HİSSE SENEDİ FONU;10.07.2024;31066;0,450643;13999,68
AFT;AK PORTFÖY YENİ TEKNOLOJİLER YABANCI HİSSE SENEDİ FONU;11.10.2023;5098;0,294206;1499,86
AFT;AK PORTFÖY YENİ TEKNOLOJİLER YABANCI HİSSE SENEDİ FONU;29.01.2025;19311;0,517836;9999,93
AFV;AK PORTFÖY AVRUPA YABANCI HİSSE SENEDİ FONU;11.10.2023;6512;0,230325;1499,88
BRF;DENİZ PORTFÖY BİRİNCİ FON SEPETİ FONU;18.02.2026;21323;1,406891;29999,14
BVV;BV PORTFÖY TEKNOLOJİ DEĞİŞKEN FON;20.12.2023;1131;1,132741;1281,13
CVK;INVEO PORTFÖY ÇOKLU VARLIK KATILIM FONU;09.11.2023;801;1,871862;1499,36
DMG;DENİZ PORTFÖY GÜMÜŞ FON SEPETİ FONU;11.10.2023;1359;1,47156;1999,85
DVT;DENİZ PORTFÖY METAVERSE VE DİJİTAL YAŞAM TEKNOLOJİLERİ DEĞİŞKEN FON;11.10.2023;1838;2,72018;4999,69
DVT;DENİZ PORTFÖY METAVERSE VE DİJİTAL YAŞAM TEKNOLOJİLERİ DEĞİŞKEN FON;24.01.2024;730;3,421894;2497,98
FBV;İŞ PORTFÖY MODEL SERBEST FON;05.03.2025;3208;4,674612;14996,16
FBV;İŞ PORTFÖY MODEL SERBEST FON;29.01.2025;3352;4,474586;14998,81
FDG;FONMAP PORTFÖY BİRİNCİ DEĞİŞKEN FON;04.09.2025;14940;2,008008;29999,64
FDG;FONMAP PORTFÖY BİRİNCİ DEĞİŞKEN FON;24.06.2025;23476;1,789061;42000,0
GBV;GARANTİ PORTFÖY BLOCKCHAİN TEKNOLOJİLERİ DEĞİŞKEN FON;17.01.2025;1650;6,058326;9996,24
GGK;INVEO PORTFÖY ALTIN FON;11.10.2023;1000;3,664502;3664,5
GGK;INVEO PORTFÖY ALTIN FON;29.02.2024;229;4,364437;999,46
GGK;INVEO PORTFÖY ALTIN FON;29.02.2024;57;4,364437;248,77
GPG;INVEO PORTFÖY BİRİNCİ DEĞİŞKEN FON;08.11.2023;100;5,823748;582,37
GPG;INVEO PORTFÖY BİRİNCİ DEĞİŞKEN FON;20.12.2023;100;6,844785;684,48
GPG;INVEO PORTFÖY BİRİNCİ DEĞİŞKEN FON;21.02.2024;287;6,960054;1997,54
HJB;HEDEF PORTFÖY BİRİNCİ DEĞİŞKEN FON;11.10.2023;2237;1,787374;3998,36
IVY;İSTANBUL PORTFÖY BLOCKCHAIN TEKNOLOJİLERİ DEĞİŞKEN FON;10.07.2024;5307;2,637789;13998,75
IVY;İSTANBUL PORTFÖY BLOCKCHAIN TEKNOLOJİLERİ DEĞİŞKEN FON;11.12.2024;1023;3,518197;3599,12
IVY;İSTANBUL PORTFÖY BLOCKCHAIN TEKNOLOJİLERİ DEĞİŞKEN FON;20.12.2023;810;1,850099;1498,58
KZL;KUVEYT TÜRK PORTFÖY ALTIN KATILIM FONU;22.02.2024;238;8,36312;1990,42
KZL;KUVEYT TÜRK PORTFÖY ALTIN KATILIM FONU;29.02.2024;117;8,495812;994,01
MJG;AKTİF PORTFÖY GÜMÜŞ FON SEPETİ FONU;22.12.2023;731;2,735101;1999,36
MKG;AKTİF PORTFÖY ALTIN KATILIM FONU;11.10.2023;687;4,362576;2997,09
MKG;AKTİF PORTFÖY ALTIN KATILIM FONU;29.02.2024;184;5,430761;999,26
MPP;MEKSA PORTFÖY PRİME SERBEST FON;02.07.2025;2968;16,845261;49996,73
MPP;MEKSA PORTFÖY PRİME SERBEST FON;10.09.2025;550;19,224472;10573,46
MPP;MEKSA PORTFÖY PRİME SERBEST FON;17.09.2025;2040;19,604828;39993,85
MTH;MT PORTFÖY BİRİNCİ HİSSE SENEDİ FONU (HİSSE SENEDİ YOĞUN FON);04.02.2026;12905;1,937151;24998,93
MTH;MT PORTFÖY BİRİNCİ HİSSE SENEDİ FONU (HİSSE SENEDİ YOĞUN FON);05.02.2026;5178;1,931127;9999,38
MTH;MT PORTFÖY BİRİNCİ HİSSE SENEDİ FONU (HİSSE SENEDİ YOĞUN FON);06.02.2026;5239;1,908424;9998,23
NAU;NEO PORTFÖY ALTIN FONU;14.11.2024;57834;1,383257;79999,29
NAU;NEO PORTFÖY ALTIN FONU;15.11.2024;58585;1,365514;79998,64
NAU;NEO PORTFÖY ALTIN FONU;26.11.2024;59541;1,427584;84999,78
NVB;NEO PORTFÖY İKİNCİ PARA PİYASASI (TL) FON;16.05.2024;38617;1,812672;69999,95
OJK;QNB PORTFÖY ALTIN FONU;29.02.2024;731;4,099457;2996,7
OJK;QNB PORTFÖY ALTIN FONU;29.02.2024;48;4,099457;196,77
OJT;QNB PORTFÖY TEKNOLOJİ FON SEPETİ FONU;24.01.2024;650;4,611474;2997,46
PAF;PARDUS PORTFÖY ALTIN FONU;21.12.2023;1504;1,068338;1606,78
PAF;PARDUS PORTFÖY ALTIN FONU;29.02.2024;821;1,217783;999,8
PHE;PUSULA PORTFÖY HİSSE SENEDİ FONU (HİSSE SENEDİ YOĞUN FON);04.02.2026;26371;1,895986;49999,05
PHE;PUSULA PORTFÖY HİSSE SENEDİ FONU (HİSSE SENEDİ YOĞUN FON);05.02.2026;5249;1,904818;9998,39
PHE;PUSULA PORTFÖY HİSSE SENEDİ FONU (HİSSE SENEDİ YOĞUN FON);06.02.2026;5201;1,922399;9998,4
PHE;PUSULA PORTFÖY HİSSE SENEDİ FONU (HİSSE SENEDİ YOĞUN FON);12.02.2026;19657;2,034847;39998,99
PPN;NUROL PORTFÖY PARA PİYASASI (TL) FONU;16.05.2024;31276;2,129459;66600,96
PPN;NUROL PORTFÖY PARA PİYASASI (TL) FONU;16.12.2024;19676;2,846035;55998,58
RBA;ALBARAKA PORTFÖY BEREKET VAKFI NA DESTEK ALTIN KATILIM FONU;11.10.2023;532;5,628859;2994,55
RHI;RE-PIE PORTFÖY BİRİNCİ HİSSE SENEDİ (TL) FONU (HİSSE SENEDİ YOĞUN FON);04.02.2026;17011;1,469614;24999,6
RHI;RE-PIE PORTFÖY BİRİNCİ HİSSE SENEDİ (TL) FONU (HİSSE SENEDİ YOĞUN FON);06.02.2026;6964;1,435801;9998,92
RIK;RE-PIE PORTFÖY İKİNCİ DEĞİŞKEN FON;03.11.2023;2307;1,763685;4068,82
RIK;RE-PIE PORTFÖY İKİNCİ DEĞİŞKEN FON;04.09.2025;12362;4,044515;49998,29
RIK;RE-PIE PORTFÖY İKİNCİ DEĞİŞKEN FON;04.11.2025;19667;4,525308;88999,23
RIK;RE-PIE PORTFÖY İKİNCİ DEĞİŞKEN FON;05.03.2025;3225;3,100215;9998,19
RIK;RE-PIE PORTFÖY İKİNCİ DEĞİŞKEN FON;20.12.2023;267;1,868925;499,0
RTG;ATA PORTFÖY ROBOTİK TEKNOLOJİLERİ DEĞİŞKEN FON;20.12.2023;936;2,135676;1998,99
SVB;STRATEJİ PORTFÖY AGRESİF DEĞİŞKEN FON;11.10.2023;539;3,847171;2073,63
TFF;TEB PORTFÖY AMERİKA TEKNOLOJİ YABANCI BYF FON SEPETİ FONU;24.01.2024;174;17,150202;2984,14
TFF;TEB PORTFÖY AMERİKA TEKNOLOJİ YABANCI BYF FON SEPETİ FONU;29.01.2025;407;24,547784;9990,95
URA;ATA PORTFÖY ENERJİ DEĞİŞKEN FON;17.02.2026;8239;1,820514;14999,21
YAY;YAPI KREDİ PORTFÖY YABANCI TEKNOLOJİ SEKTÖRÜ HİSSE SENEDİ FONU;10.10.2023;2;487,588712;975,18
YAY;YAPI KREDİ PORTFÖY YABANCI TEKNOLOJİ SEKTÖRÜ HİSSE SENEDİ FONU;11.10.2023;2;509,025958;1018,05
YAY;YAPI KREDİ PORTFÖY YABANCI TEKNOLOJİ SEKTÖRÜ HİSSE SENEDİ FONU;24.01.2024;6;634,217894;3805,31
YJK;YAPI KREDİ PORTFÖY ROBOTİK VE YARI İLETKEN TEKNOLOJİLERİ FON SEPETİ FONU;21.02.2024;916;2,216034;2029,89
ZBJ;ZİRAAT PORTFÖY BAŞAK PARA PİYASASI (TL) FONU;16.05.2024;36134;1,937225;69999,69
ZFB;AK PORTFÖY FİNTEK VE BLOKZİNCİRİ TEKNOLOJİLERİ DEĞİŞKEN FON;06.02.2024;31;2,514017;77,93
ZFB;AK PORTFÖY FİNTEK VE BLOKZİNCİRİ TEKNOLOJİLERİ DEĞİŞKEN FON;07.02.2024;314;2,547807;800,01
ZFB;AK PORTFÖY FİNTEK VE BLOKZİNCİRİ TEKNOLOJİLERİ DEĞİŞKEN FON;12.12.2023;231;2,160194;499,0
